0f519c08-4862-426a-909f-fef9c0f279b3,38.907258,-77.038555,07122019-10:17:07
0654b63f-7086-4848-9717-821940742124,38.904082,-77.043485,07122019-10:17:07
e994f607-64d1-4af2-8c60-b34ef3cc6290,38.903716,-77.043581,07122019-10:17:07
6d4bdc04-f1d5-4930-a57c-edbbee07544d,38.894109,-77.044423,07122019-10:17:07
3e764e88-4dc2-4b3d-b7c6-95d720c91cdc,38.898791,-77.040076,07122019-10:17:07
7ec62378-176d-47f7-8621-d286e4d00b1f,38.905713646363594,-77.034216490488,07122019-10:17:07
b9f4546b-4144-453f-9743-be4c92bb59f9,38.896142,-77.030265,07122019-10:17:07
4de9a70b-84ee-430a-b116-52abe26ca0bd,38.912649208717866,-77.01229229866591,07122019-10:17:07
92400765-f8e8-446c-9ca1-067b3c1f3b3d,38.904828,-77.068863,07122019-10:17:07
faab5d4a-bb8a-4695-99b8-1b718bd7f9ad,38.905003,-77.034622,07122019-10:17:07
7da910b9-edeb-4a27-bbdc-40e85a454bc1,38.895513,-77.042663,07122019-10:17:07
7857718b-72a9-41ad-b7ce-49a5c8f6ec2c,38.900104,-77.021737,07122019-10:17:07
e22fa15d-c997-42d7-84bf-cb4fede4a40d,38.902203,-77.022902,07122019-10:17:07
71d52de3-70e5-4e29-8e92-0a024193e5c0,38.914615,-77.045738,07122019-10:17:07
57894996-4070-43c6-b686-2ae45858ccb9,38.894606,-77.046639,07122019-10:17:07
fba14728-2336-4d75-be70-829a88fd824a,38.923605,-77.05061,07122019-10:17:07
fc63d388-bfe7-4fe5-872a-e493da5b3f0f,38.898135,-77.021912,07122019-10:17:07
8e44d0b4-1c49-4e65-a9a4-ee1af9160e38,38.90428,-77.032977,07122019-10:17:07
b8b8e15f-52e3-4f01-bd24-9fdb4883a805,38.902738,-77.027953,07122019-10:17:07
030ee9d2-c561-4102-b162-86dd022a6202,38.905147,-77.065202,07122019-10:17:07
18fa01ad-661f-48f3-aa05-d30216ef81cf,38.896939,-77.027334,07122019-10:17:07
0bec2d5e-f1f1-48b1-b9ea-f5473eaa1fa5,38.937569,-77.032525,07122019-10:17:07
90b29176-2906-4a0f-b23c-163ca1a27bee,38.900228,-77.031829,07122019-10:17:07
a2188047-2d0a-40e0-9980-559a0591e70c,38.910487,-77.042541,07122019-10:17:07
d390bf0f-066c-4930-bd91-03bca88bb19c,38.891908,-77.026094,07122019-10:17:07
438ad621-5106-472c-9251-d2fc11dd6b6c,38.893487,-77.015018,07122019-10:17:07
5bd03f67-d8e4-4861-a36d-36c2d4758f26,38.902375,-77.03458,07122019-10:17:07
b52cfb98-e599-444e-a0d3-778e4c7aa9a7,38.9032,-77.06039,07122019-10:17:07
970b3982-f406-4313-a228-a0aa33c03eed,38.895097,-77.04665,07122019-10:17:07
f534726f-3aea-49c3-8ae3-9d31f5d2f870,38.923287,-77.0289,07122019-10:17:07
5304fbbf-5991-41ed-9348-1d48cc16995a,38.90423652914107,-77.03202322308849,07122019-10:17:07
70caeb30-7820-406a-a88e-e76ecb0f2acf,38.9065,-77.050542,07122019-10:17:07
3e06b140-6f8d-4a15-9ee1-3affcdea5fa0,38.912982,-77.029587,07122019-10:17:07
57ced091-4530-4eb2-b312-dd0824d846a6,38.901717,-77.032649,07122019-10:17:07
7b7de5e1-7ee7-4491-952d-09327d1dcd64,38.900265,-77.021755,07122019-10:17:07
4cbe7548-6dad-4157-b584-aec0f36fc575,38.92456,-77.052041,07122019-10:17:07
84c548fb-4181-409c-9550-754ccc29de92,38.904004,-77.049271,07122019-10:17:07
54c2c40c-0c81-4b86-a589-2d28f15d9eff,38.90297,-77.03944,07122019-10:17:07
403f5273-bf8b-4af0-b617-159c5c84e670,38.892768,-77.033504,07122019-10:17:07
d2d653f3-0859-4a56-a0f1-c65a02b698c6,38.903777,-77.031826,07122019-10:17:07
f4f813f4-1dbb-4565-a85d-b7dca6546a94,38.927552,-77.04551,07122019-10:17:07
44c49536-0fd4-4e10-8b1f-2794d872ecdd,38.904506,-77.041586,07122019-10:17:07
e6e9efbc-b419-4506-8e0c-e72642fffd4e,38.899533,-77.033785,07122019-10:17:07
5827504c-239c-4680-8b6b-dc6fa23ffafc,38.905303,-77.065291,07122019-10:17:07
439e0fbc-5bd6-487d-ba62-b7fbfc993277,38.901966,-77.043405,07122019-10:17:07
163beadd-779d-4455-8c1a-b9e1e765e3cb,38.904779,-77.068954,07122019-10:17:07
51a6d36b-cda8-4fc1-a99c-617e1627994e,38.89766659176396,-77.0546504051098,07122019-10:17:07
17588f0a-fe43-4bd4-9654-71d3d246e8f3,38.900919,-77.03818,07122019-10:17:07
66c2d0b5-64d1-49f0-9a9e-0fbfd4101336,38.914359,-77.045928,07122019-10:17:07
b1a31a7f-f887-4980-b479-7e25f47b50d9,38.899216,-77.032188,07122019-10:17:07
98113936-0c32-4fc6-a6f9-bd2e9c5ecf0c,38.912339,-77.015555,07122019-10:17:07
e95048d8-faae-4b24-8e7b-dad21243872e,38.937385,-77.024728,07122019-10:17:07
3ee64067-7251-4937-9e66-315d87ad56f7,38.902302,-77.031812,07122019-10:17:07
99d515a9-45e1-4176-af01-bfeb58269d74,38.902428,-77.034594,07122019-10:17:07
d9f586e8-74eb-47a8-a9d4-902e75342c8a,38.916543,-77.032094,07122019-10:17:07
c4b0853b-6a61-485a-9126-cc970d9d8073,38.9022,-77.022937,07122019-10:17:07
5ba1ea7f-32d2-4c01-99aa-7ab2659507ab,38.908761,-77.026552,07122019-10:17:07
a40e20f0-29df-48fd-ba81-1f4d8d2de91f,38.898804,-77.028016,07122019-10:17:07
f6b36a69-6a0d-4b64-9cc0-a1cdad7daa87,38.892148,-77.023451,07122019-10:17:07
a33daba4-1fb4-4ef4-8325-caf0bb10eaa6,38.89753,-77.043123,07122019-10:17:07
43f12cd8-b010-41f8-a573-4b2f8a7cf339,38.873774,-76.970143,07122019-10:17:07
78b14197-c87e-4f47-a99a-e43cabfc5829,38.903774,-77.035648,07122019-10:17:07
a97db1b4-03e3-42dd-932e-48e20b2238c3,38.908691,-76.996968,07122019-10:17:07
4e8b8cd8-5434-4fbb-98ce-16037ea925f4,38.896259,-77.018211,07122019-10:17:07
70baa1af-16cf-4f83-8541-565423f8bec3,38.89732,-77.025565,07122019-10:17:07
dfa6a640-d5a4-4bed-8feb-ce1965bf5653,38.906025,-77.063145,07122019-10:17:07
29bdb15b-6f77-4940-aea8-e437741d4eac,38.911804,-77.066244,07122019-10:17:07
e7f6c494-fb56-48fe-a205-b85087590dbf,38.892129,-77.003364,07122019-10:17:07
1a60c832-b7d7-4737-8677-317d5da682bc,38.897308,-77.028288,07122019-10:17:07
c5a38dd0-a03b-4206-bcd6-f911ed8ec924,38.902152039103754,-77.04179450560157,07122019-10:17:07
5d4bc077-e233-4d48-aeba-cb9ca07a5e19,38.905812,-77.045363,07122019-10:17:07
007ac83b-dd9d-4b36-9bbd-2aec52e952db,38.952604,-77.002497,07122019-10:17:07
72812e3b-1c3c-4219-b3c4-c19b91b4b013,38.898405823892816,-77.01962465427538,07122019-10:17:07
33893bf2-f1c5-4ddc-aa1d-89984048b83c,38.89838440813021,-77.04894455156945,07122019-10:17:07
a87201af-1bd1-451f-93ab-69b4f76eadf3,38.912017,-77.044811,07122019-10:17:07
06f62aba-dce9-4041-b3ed-2070f3bb6916,38.90708360824632,-77.0407946594777,07122019-10:17:07
fbdbba25-3d74-482f-b0fc-758514d0a5f5,38.894341,-76.949626,07122019-10:17:07
67183466-34ab-4985-8083-c04939496c20,38.89251,-77.003375,07122019-10:17:07
025ec2ae-dce9-405f-a747-369ac0e5000e,38.896192,-77.033801,07122019-10:17:07
bb5154db-9ddc-471d-aa6b-16d77de66309,38.90284,-77.039866,07122019-10:17:07
7f12ba57-d581-4f14-9d79-f69dba2f52d6,38.920463,-77.031607,07122019-10:17:07
f37bcc46-3574-4dcc-abc0-6a936699a453,38.894869,-77.021215,07122019-10:17:07
ace1ba7b-0ac0-4e70-ae54-6357ae1d5ea4,38.898232,-77.021992,07122019-10:17:07
84e1fa52-1869-4fea-96fe-4b28cf6a11bf,38.911957,-77.038545,07122019-10:17:07
153546a8-477b-4fb3-baba-1ab311b97e55,38.892319,-77.024134,07122019-10:17:07
57dcd007-0d13-419d-b7ab-e39f0f6572b6,38.903798,-77.034715,07122019-10:17:07
de031ca2-35ca-4582-be0d-df047cb5787f,38.908263,-77.059285,07122019-10:17:07
61df3a00-6394-4e37-b087-c7c44612c005,38.893392,-77.02108,07122019-10:17:07
c85f4ba9-3846-46b3-ac17-ce5c8c843af4,38.93422,-77.040663,07122019-10:17:07
b3309edf-b0cc-4ece-8ef7-a3fad043c93d,38.900147,-77.021821,07122019-10:17:07
ee13457b-aed0-43e6-8e40-798c0a3aa287,38.892158,-77.043728,07122019-10:17:07
5922d741-a988-435f-a4c5-549217f50e91,38.890885,-77.028985,07122019-10:17:07
b52c5fba-9c47-46be-ad20-a1796c607aa9,38.917007,-77.041495,07122019-10:17:07
efa2b870-832c-488e-9d10-fcf89cad36fd,38.898334,-77.026787,07122019-10:17:07
f64b3833-8861-4457-b591-52c6ecc68ad5,38.914622,-77.045817,07122019-10:17:07
c5d41fbc-712f-458b-8aaf-64438b9ec4a5,38.914825,-77.045412,07122019-10:17:07
e613d703-0d59-4922-8893-3ea80d77415b,38.90024,-77.041404,07122019-10:17:07
03f5f1e3-8449-4944-9b4c-894d56f4ae05,38.888844,-77.013271,07122019-10:17:07
e382cb3a-e08c-4bbe-8e07-a336829dd9ae,38.902327,-77.023154,07122019-10:17:07
e649cc6c-2e8b-4bf0-9872-bdd309ac9b82,38.924192,-77.052667,07122019-10:17:07
99e313bf-561e-4146-aebb-ee3729741f1c,38.903475,-77.020003,07122019-10:17:07
88589b69-79cc-49e8-a757-ece9652225a0,38.91408,-77.021176,07122019-10:17:07
ca092c26-e94c-4e1a-a4ce-a0330b2d0bed,38.892902,-77.012507,07122019-10:17:07
01ba601e-272c-49d2-b2a6-f2ad2534712c,38.894162,-77.013286,07122019-10:17:07
dd365c8e-17c6-41e4-9f17-374622a58b2b,38.928758,-77.032778,07122019-10:17:07
cfb426cb-56dd-4df3-b85a-3c6b7c93fb0f,38.914941,-77.045526,07122019-10:17:07
9312ec98-1425-4ec9-b4c9-f2e3c18381aa,38.900405,-77.034105,07122019-10:17:07
e3e12ff8-a209-4134-b89f-0429b8888533,38.911702,-77.068181,07122019-10:17:07
77bb4577-9266-44d8-9a83-dda90809afee,38.902316,-77.032026,07122019-10:17:07
6c275c65-9172-40b7-b27b-eb834971d93e,38.905529,-77.043415,07122019-10:17:07
2ff90db2-4877-4348-b715-7adb57e9e83c,38.883827,-77.026389,07122019-10:17:07
80e8f2fd-1c0c-4e73-ad01-2c321fef97d3,38.890465,-77.025765,07122019-10:17:07
43e5417f-ff96-46a6-93db-ed0ad5f8c86d,38.900439,-77.007304,07122019-10:17:07
b6742e9b-3a22-4b16-8c7d-f3ab1d4931f2,38.899706,-77.047737,07122019-10:17:07
30e478cb-96bf-4db1-8bcf-6e6776ee666b,38.882282,-77.029401,07122019-10:17:07
c2bf509d-51ea-4158-8af6-0cf93302f63f,38.903243,-77.036529,07122019-10:17:07
236d5512-1a8a-4e50-a611-5cd2407ede5c,38.912657,-77.012245,07122019-10:17:07
e1f897ee-9a5c-4133-a640-f16a05ad14d3,38.897543,-77.028789,07122019-10:17:07
392e464b-7d8f-4c21-80d2-243a66694dbf,38.90264,-77.043498,07122019-10:17:07
d2a1a595-e1ac-4541-9cd6-84eb8fc1c707,38.941914,-77.032599,07122019-10:17:07
96ff2e41-0c4e-45d2-a7d5-b092f6dfd805,38.897271,-77.053669,07122019-10:17:07
bd1ec393-c71e-44cf-b28c-c73462e3bdbf,38.896142,-77.042492,07122019-10:17:07
ad1802ca-1f11-4e62-90ba-f430b4b59208,38.902548,-77.038356,07122019-10:17:07
d4316a6a-9c8f-44e1-9179-a640ba25cc74,38.896253,-77.026144,07122019-10:17:07
cc87ae2b-71bc-40b8-a90b-e210a0a52ceb,38.904179,-77.059139,07122019-10:17:07
6f58ab4c-c766-46f2-be8f-ae4cce382cd5,38.906786,-77.074881,07122019-10:17:07
7a3cf4d4-c7b0-484f-a3d6-b16e4f6c22e2,38.899722,-77.029396,07122019-10:17:07
da7bbab3-2d2c-4ba1-8db3-73123f2240d7,38.898577,-77.040581,07122019-10:17:07
86707f14-eb30-43f0-b396-7319858f0ded,38.898703,-77.027829,07122019-10:17:07
feb417f2-e551-4955-a3ed-c2532ed8955a,38.904775,-77.034613,07122019-10:17:07
ad4c3d52-675f-4810-b01b-04a630faf9c0,38.89845205008881,-77.05138812780105,07122019-10:17:07
1aa34512-327c-41ef-9069-a32c70272bc2,38.90384,-77.035533,07122019-10:17:07
862bbb0f-d058-4dcf-8faa-530866d92184,38.871776,-77.007462,07122019-10:17:07
cfb12bb2-2562-4407-a184-3d204ee58610,38.919529,-77.030773,07122019-10:17:07
7973388c-31a6-48a2-abec-d049f7b70b32,38.8871,-77.002109,07122019-10:17:07
81654108-a802-48f3-aaba-b11ec9be65cf,38.910877,-77.065281,07122019-10:17:07
ae50ad8e-3450-40f1-8494-b44d18a04fc6,38.892054,-77.025781,07122019-10:17:07
45ee994c-a2b4-4dd8-988e-d43f997597ac,38.911391,-77.065393,07122019-10:17:07
184d0f7c-f055-4f89-99e4-87e74c6bd0db,38.930574,-77.02406,07122019-10:17:07
de22aad8-cff3-4cfc-8d6b-4fadff1b4701,38.917003,-77.041415,07122019-10:17:07
1e09becb-038d-408a-b0a5-c6473fa60f96,38.936922,-77.03268,07122019-10:17:07
226c9a05-4f26-4322-b1e7-900f879c71a5,38.904383,-77.066094,07122019-10:17:07
419fe331-cf7d-463d-a7ff-eee4e038894c,38.896122,-77.026735,07122019-10:17:07
970434a9-322d-47ea-a052-d40048519273,38.902395,-77.062653,07122019-10:17:07
c37d593e-28a5-435a-8a54-04eebd105118,38.901671,-77.005654,07122019-10:17:07
0223628c-a0e9-4f98-8758-6c39b9f99df6,38.89845205008881,-77.05138812780105,07122019-10:17:07
078a26a3-2a4c-413c-9cb8-7ae49f0b3746,38.916924,-77.029492,07122019-10:17:07
e9953b7b-ce4a-4c30-a650-cdbc9c4dbd8f,38.891874,-77.012088,07122019-10:17:07
b52e6471-eec0-49f0-a555-71d662bc84d1,38.916361,-77.03243,07122019-10:17:07
528c77dd-5a03-4b96-a144-8ed81b4df29e,38.917972,-77.030179,07122019-10:17:07
86d0c2c0-8941-4d78-861a-53b5835fba80,38.883386,-77.014929,07122019-10:17:07
de101ded-8c20-4744-90e6-7a94b4c39629,38.90182,-77.036466,07122019-10:17:07
56ddc091-36fe-43f4-85e4-4648f580fc7e,38.902226,-77.023068,07122019-10:17:07
bf3a7b4a-c92b-4e24-8a01-1dbff73bf0c4,38.9041,-77.031381,07122019-10:17:07
8c5cd7ac-2279-495a-b5b2-40d522c23b02,38.898721,-77.019443,07122019-10:17:07
28c724e9-b363-4a08-a94e-5aa849499c3f,38.900379,-77.041849,07122019-10:17:07
efc425ff-ce43-4096-9acc-0e83a60e5ec0,38.899042,-77.009354,07122019-10:17:07
67cacbc6-294f-4fbd-b621-c6292c6e8eda,38.905427,-77.043233,07122019-10:17:07
4a22d601-de8f-42ed-aa7f-7db3f253dd42,38.903845,-77.031378,07122019-10:17:07
83729678-56cf-480c-bd24-3ac5f09434aa,38.904624,-77.034442,07122019-10:17:07
fcdfe96e-6967-4e2d-a530-869508dcd3ad,38.936422,-77.024417,07122019-10:17:07
6f74f21e-6cd8-4785-9077-cf4c94a688b9,38.894701,-77.017374,07122019-10:17:07
99a21530-42bd-43e7-8ed3-a14447721f9a,38.905297,-77.061694,07122019-10:17:07
de56f0d8-312c-4a28-9e45-cdce5a9f4558,38.901512,-77.031879,07122019-10:17:07
03a991df-96e8-4abc-811e-6fe0caf1f81b,38.894852,-77.039659,07122019-10:17:07
87301df9-0acf-4783-a8eb-6104b17d1a26,38.89327,-77.022849,07122019-10:17:07
8810329d-e4d4-458d-b577-401b9d4de063,38.876403,-77.007377,07122019-10:17:07
08d06651-d218-4532-b05e-ffb50d109e1d,38.911393,-77.032137,07122019-10:17:07
d6a0e721-2e13-41da-8d1f-e2b43baba808,38.903227,-77.037415,07122019-10:17:07
beeb3658-65ed-4a4f-b1e7-5508fa7134db,38.899164,-77.040367,07122019-10:17:07
b96e1948-6383-4130-a28d-557d55ed6c2e,38.893794,-77.02181,07122019-10:17:07
596fa49e-39c1-4de9-8780-38a11cf0aa76,38.89659,-77.016059,07122019-10:17:07
5fbe2156-28c6-4fb8-8957-91dcf905eb0a,38.86812,-76.985139,07122019-10:17:07
9956bd31-fcfe-45f0-b79e-e0039d4f6625,38.84437,-76.986116,07122019-10:17:07
91321ab4-49bd-433b-9f92-9224387d393d,38.91701,-77.041354,07122019-10:17:07
a49714f3-a530-4be9-9cd0-458ea16970dc,38.898106,-77.029195,07122019-10:17:07
5c71e3b0-2efd-4b8a-afa8-e1ba9c71966c,38.899121,-77.032409,07122019-10:17:07
4491e442-fbe4-4e8d-bd34-f33928c8c076,38.909628,-77.004717,07122019-10:17:07
93b4bc72-11de-4638-836f-bad01a5fc1fe,38.907372,-77.032155,07122019-10:17:07
9d4bcb5f-e98a-484f-844f-9843bf93178e,38.896244,-77.028338,07122019-10:17:07
b2bcadab-93d1-49e6-91f1-ce6dae1cb1d2,38.8974,-77.032143,07122019-10:17:07
978f3fd1-56eb-42ed-aa11-e5391863cac5,38.898104,-77.021759,07122019-10:17:07
512e2c19-2a3a-4dda-8439-22990bd45f1e,38.899932,-77.030748,07122019-10:17:07
e54b9117-f8f6-4b6a-a524-133d03189883,38.907815,-77.072502,07122019-10:17:07
53492323-fab5-4378-b869-34f1d53686b2,38.900635,-77.007582,07122019-10:17:07
2ff0d39d-4cf0-456f-9ffb-6b10952d8bf1,38.892148,-77.003544,07122019-10:17:07
eaa95f06-0872-4a9a-a82c-79bc15ccba41,38.91057,-77.042628,07122019-10:17:07
bbca5c69-ed97-4edc-8928-6a1e1eda4760,38.888669,-77.022052,07122019-10:17:07
814ff806-f55b-4a54-826c-cc03f541e2fa,38.912696,-77.012295,07122019-10:17:07
b8f9bb63-52b2-43bb-b1b3-320fbe4e6aaa,38.902654,-77.033181,07122019-10:17:07
93b63422-335b-4d86-be53-53da17ef8e91,38.895349,-77.025341,07122019-10:17:07
4105b402-cac4-4acd-9bfc-b1763d712792,38.903806,-77.038553,07122019-10:17:07
6647eccc-13df-43c6-bb99-527e38df7f9c,38.896371,-77.027086,07122019-10:17:07
45a0d210-f788-4313-bcaf-306ca8326822,38.892191,-77.023579,07122019-10:17:07
6524cdd2-7542-45a3-8ee7-c2663015633c,38.886436,-77.017819,07122019-10:17:07
17251ac4-ce39-48cc-89f4-207e61a4e44c,38.887601,-77.0019,07122019-10:17:07
aa8eb278-6f1e-4c1a-8043-fa6805644e97,38.897195,-77.007422,07122019-10:17:07
9f3277ba-4120-45d6-901b-52e572bc24c5,38.901999,-77.036865,07122019-10:17:07
1ae2cd5d-70c6-439b-82cb-cf914b29f6e8,38.914027,-77.069001,07122019-10:17:07
afcaf9ed-d02e-4e35-9972-cbdf63513e83,38.912707,-77.012375,07122019-10:17:07
30b85e8f-aad9-4b47-a783-b2fe0ad376f2,38.938413,-77.024792,07122019-10:17:07
e0861be9-527b-475b-a683-8ea98f623aeb,38.901524,-77.013818,07122019-10:17:07
bc3107d2-c06f-4999-8225-5c799cf315cc,38.916457,-77.046241,07122019-10:17:07
de9cb9ea-ec12-48dc-9043-54161119af1d,38.906121,-77.064555,07122019-10:17:07
ce8527a0-588b-414a-aac3-3f82a093e898,38.892212,-77.026295,07122019-10:17:07
05133d2e-d032-4644-bee1-685fa28cf0ba,38.905943,-77.002699,07122019-10:17:07
374b1bbd-f0e9-4a82-a56f-39cd53de422c,38.884143,-77.025697,07122019-10:17:07
e9c3e3ec-1fc8-4a0e-a45f-91c7e2d2c7c3,38.905397,-77.050123,07122019-10:17:07
6a0e3af0-9d0a-42cf-b0fe-94534a3de018,38.918382,-77.033911,07122019-10:17:07
737389e3-77a5-43cd-86e1-4bb33491719c,38.903053,-77.033467,07122019-10:17:07
fda7c431-52e1-417d-a445-c3b4dcb5126c,38.941887,-77.032479,07122019-10:17:07
6fab06c9-910f-4dd4-baec-0cbe65294075,38.867293,-76.98834,07122019-10:17:07
e814bb85-e6da-4896-8723-b66ec8b80bdd,38.902927,-77.033611,07122019-10:17:07
bed905e1-9c04-4f67-b66c-5f6bcbb6bc33,38.909495,-77.04257,07122019-10:17:07
637fb5fe-c6f2-4354-92ff-86b7544a643e,38.904045,-77.042343,07122019-10:17:07
da11b619-1279-4a71-a280-049b61770541,38.902465,-77.034126,07122019-10:17:07
d8a03046-e3f3-44f8-86b9-95363e4e1a88,38.885013,-77.007296,07122019-10:17:07
df746233-16fd-4c63-ac2a-ec38ce10ede6,38.903999,-77.043239,07122019-10:17:07
dfbfbf0f-ba0e-4a1d-99af-a39a7a2a56e7,38.903074,-77.022192,07122019-10:17:07
ce61cb02-f8b0-49d9-9031-f29fa8e40d34,38.90037,-77.044686,07122019-10:17:07
1826b10a-1657-42a2-bd9f-eb05ce0c7533,38.8922717376043,-77.0241326094391,07122019-10:17:07
9b4aad3d-b130-4e2f-9fe8-352b7951bf63,38.88036814305936,-76.98644921655433,07122019-10:17:07
69fd8e9a-418f-4d91-86c1-1288cd910f0c,38.900076,-77.045927,07122019-10:17:07
eaae66da-e235-44d9-8485-a90aca219616,38.879895,-77.022038,07122019-10:17:07
8ae7e431-6134-46a5-9bfe-f51c50cb6f44,38.917133,-77.03349,07122019-10:17:07
29888249-d6b9-450f-88f4-d3a1e86fe04b,38.906484,-77.039352,07122019-10:17:07
4ea09c0e-58d0-4627-97da-9dcfffc5731e,38.914305,-77.021561,07122019-10:17:07
32250af8-97d5-4df4-a124-c9b03ecf2c8d,38.903783,-77.066676,07122019-10:17:07
7d7c936d-13e4-42ca-9c61-7471ad3a45ce,38.912699,-77.012337,07122019-10:17:07
5615c30d-6738-4104-9342-50a7dc5ca31e,38.892203,-77.028991,07122019-10:17:07
6b4c4429-a4d9-4d59-aca4-6dffc2ad3fd2,38.929499,-77.036368,07122019-10:17:07
d032cac6-bfd1-4034-b40a-32c6ffbed2a9,38.900071546659035,-77.04585205837179,07122019-10:17:07
46283c1f-9bc5-4e13-bead-8f00b5daa5db,38.936901,-77.03278,07122019-10:17:07
7b8bdbd0-36e1-456c-8cba-d3e7c61efc9e,38.92371280122448,-77.05145635649286,07122019-10:17:07
94c4c154-5c7b-4192-b28e-402aab555a84,38.901955,-77.022975,07122019-10:17:07
acce5ea2-de35-4df6-9c3e-b41345b7ccda,38.902509,-77.029485,07122019-10:17:07
3ed02284-311c-4e3f-a86e-5eabe9c069f1,38.900312,-76.971125,07122019-10:17:07
4651c4ce-7a5a-40ee-b104-7be011a21360,38.904565,-77.046505,07122019-10:17:07
0ea356a6-e361-45e0-be99-4b503b21fcb3,38.912693,-77.012303,07122019-10:17:07
73b57fd2-6c01-4844-a53d-d248c93384ac,38.895742,-77.033408,07122019-10:17:07
6fcf5145-beb1-4b66-9bf8-ca78cb444578,38.89968417261458,-77.04774124946896,07122019-10:17:07
b6721854-f5b8-4568-99be-0a5eb28abbe6,38.907396,-77.037165,07122019-10:17:07
a4fd7f2f-307f-47bc-943e-419ebea94f24,38.905236,-77.040872,07122019-10:17:07
21ed1d95-5425-4e6a-8108-f86ce29b00e3,38.89239530982306,-77.04877920790169,07122019-10:17:07
63497457-0816-40bd-9541-571bb090d269,38.887482,-77.01727,07122019-10:17:07
10087e03-fba6-46a0-a102-a28505534bcc,38.904538,-77.038324,07122019-10:17:07
02f18f91-f5e1-4660-9af3-34de92fec20a,38.902051,-77.022885,07122019-10:17:07
cb6c7ebf-13e7-4047-ab89-4e4df0cfc90a,38.911413,-77.032004,07122019-10:17:07
e56cb3f2-34be-4121-8d49-8195e236c7e0,38.904795,-77.034343,07122019-10:17:07
65c892de-b5d1-4cd0-a226-6558e8ed1210,38.896915,-77.00729,07122019-10:17:07
206c4ca3-03f6-4022-b0f1-82eda4faafad,38.897481,-77.029415,07122019-10:17:07
b473d67d-1b35-402e-a9d7-216cc42213bb,38.951995,-77.002511,07122019-10:17:07
cd783a6e-0829-4738-a87c-df3a03a15b80,38.903969,-77.030555,07122019-10:17:07
e091c067-97f3-49fc-8b87-a676ae9bf877,38.898628,-77.041223,07122019-10:17:07
b91d5ea8-ac3b-4db7-b3e7-9129f9ff1c57,38.930305,-77.032651,07122019-10:17:07
f100fd64-010b-4c8b-97b8-be9479e851fd,38.901991,-77.022806,07122019-10:17:07
c8350ac0-31d2-49e7-86eb-25d55ca98b37,38.911981,-77.038484,07122019-10:17:07
b86304df-01cc-4372-bd4d-eb95e9567c65,38.905721,-77.008564,07122019-10:17:07
d8268151-5510-49b3-9ae8-5c847ad6f4e9,38.903984,-77.035895,07122019-10:17:07
f3c72612-13fd-4607-98a1-3db3834a697d,38.904251,-77.043229,07122019-10:17:07
7d52aed0-3d5c-4b29-82db-5c720bef0d4a,38.917095,-77.029587,07122019-10:17:07
c4616028-cf59-4ba1-a7a8-54a429b3fb5c,38.902759,-77.02388,07122019-10:17:07
bae782c8-c30c-47ba-9a6a-a6cd10cbe14d,38.867019,-76.985128,07122019-10:17:07
eee91166-797f-4aca-af00-13eb226491aa,38.900713,-77.043501,07122019-10:17:07
33d51156-fdde-49f1-9e53-8b62d9ce5d4b,38.927553,-77.032336,07122019-10:17:07
4ff38733-5346-49a3-acb5-ae0b6f38c04a,38.90376,-77.031326,07122019-10:17:07
65a8fe2a-9c9c-4928-8b5d-12c8f8c76c03,38.88378828767583,-77.02593731701097,07122019-10:17:07
9ae42bf8-79fa-413b-b25b-a3c4399019fc,38.903081,-77.031753,07122019-10:17:07
ab3ed865-daad-4016-99b7-6c4c58e33e32,38.902144,-77.022847,07122019-10:17:07
f6e008e9-3c46-43f0-8d92-ce0f31ce8186,38.90211,-77.022938,07122019-10:17:07
5a5d89f0-4163-49d1-b64c-592bd8554ce2,38.895346,-77.042564,07122019-10:17:07
16dedbef-5329-4b15-8476-0d6334b95985,38.907912,-77.039924,07122019-10:17:07
70b33227-4562-42c3-a4e0-13b256c29fc0,38.902038,-77.047772,07122019-10:17:07
f459f91e-46ee-4004-b9a7-96215138b65b,38.887745,-77.017317,07122019-10:17:07
922540b3-716d-4dfe-af86-355d813938e2,38.876366,-77.007375,07122019-10:17:07
e9f3d340-26bc-42d5-a405-766ac7cfc2f2,38.884842,-77.034695,07122019-10:17:07
7088001e-01b8-47b6-b0c6-2715df03dc7b,38.941871,-77.032505,07122019-10:17:07
bf62468c-5088-4db5-a101-b7a5800bd4c8,38.909002,-77.034068,07122019-10:17:07
fbb41830-c983-4256-ae7d-d835cf5f259f,38.896016,-77.030254,07122019-10:17:07
00ddcd5b-cdd5-4ad0-be5b-996ff0f1c81a,38.894005,-77.012768,07122019-10:17:07
66702688-db28-4466-bf16-80ac8f23e166,38.897653,-77.019075,07122019-10:17:07
d2c25cf0-0c37-45a4-b98c-6d6d47e811ff,38.904105,-77.043442,07122019-10:17:07
cd7d6b51-577d-4f16-91ac-16cb9afc26cd,38.904155,-77.043422,07122019-10:17:07
9b837421-7b2e-4f6a-a9ac-7fa03453ee97,38.902685,-77.033438,07122019-10:17:07
6d84cce6-a471-467d-85cd-0b2ad4525859,38.912017,-77.038537,07122019-10:17:07
278a2696-5544-436e-900f-08ef259e7879,38.8973641931236,-77.02981565340055,07122019-10:17:07
f70b0710-d5f2-48a9-8e82-339575d8aeba,38.900211,-77.040545,07122019-10:17:07
40053e07-3432-44f4-bbca-7e8cbb586c56,38.925106,-77.054314,07122019-10:17:07
c47bb812-4277-4a4c-9365-eeb3dc349ea5,38.903854,-77.039698,07122019-10:17:07
25d55c1b-0e9a-474e-9e23-77ec0b54b40a,38.8981767,-77.0229761,07122019-10:17:07
659ea468-42eb-4d44-9cd5-f8dc8eeff20d,38.907392,-77.038631,07122019-10:17:07
5377a40e-e0f9-4d7e-90a7-4fb692f56802,38.86741,-76.988341,07122019-10:17:07
82076b67-33a1-4892-83a1-a93aac94155c,38.895424,-77.043915,07122019-10:17:07
475bccef-812b-4ca7-95ea-9460c255370a,38.892187,-77.005604,07122019-10:17:07
3833cb0d-17f5-4f90-a0c0-f710a6273200,38.902624,-77.03846,07122019-10:17:07
e543a5c0-6d0e-41b1-889f-7d81c3c88611,38.904063,-77.043447,07122019-10:17:07
a6550608-e89e-4cbd-b8e8-22777a4f1337,38.900148,-77.021829,07122019-10:17:07
fe06796a-5af0-4f8c-a5cb-bbcc74e17a32,38.905692,-77.004025,07122019-10:17:07
c9775e8f-e063-44f5-bc6a-1756224b73b1,38.902453,-77.031931,07122019-10:17:07
5fe3e3ff-802b-4478-9f9d-282fd468c59f,38.898639,-77.040697,07122019-10:17:07
57311a67-4963-4e8b-ab4c-fe0a7acfbca6,38.902576,-77.034406,07122019-10:17:07
849bdc5e-eb26-4ba1-9381-b6964ebe7a9a,38.927893,-77.032314,07122019-10:17:07
8ca1ae27-3757-4cd9-8ce4-016965f479de,38.894717,-77.0257,07122019-10:17:07
0fd92ae0-0fca-4380-871e-c28fe8f22030,38.902971,-77.021322,07122019-10:17:07
db98a635-ac88-4184-9ea4-85bb3de8dcd6,38.899259,-77.023364,07122019-10:17:07
11f875dc-8959-4c3f-9698-f8b7716558eb,38.927966,-77.032403,07122019-10:17:07
17fa4d81-54e3-4f10-93a1-12065f02243c,38.904076,-77.043628,07122019-10:17:07
62436b52-11c9-4ccd-ab0e-cdb800fbe234,38.901457,-77.017506,07122019-10:17:07
b46367d8-8f55-456d-8830-f4e911db8320,38.905158,-77.0349,07122019-10:17:07
724a5b95-85e2-4f4b-9bb1-c3d6d93997d4,38.904274,-77.041545,07122019-10:17:07
b1dadf99-bda5-4b92-9065-df2597ac4da1,38.902069,-76.949155,07122019-10:17:07
dee43812-e1b0-4685-866f-c9857b2b19d2,38.9182,-77.033329,07122019-10:17:07
c8b00bf4-8fb8-42f9-b4a7-8e16efe53ccd,38.925381,-77.052338,07122019-10:17:07
468094dc-a2fd-472f-997f-54711ccb28ea,38.898544,-77.022019,07122019-10:17:07
eed18ec6-3c9b-4833-b74d-93e1f4f7bc26,38.905587,-77.044605,07122019-10:17:07
5c02710d-2e63-4324-ac0e-40daf71b7db7,38.899014,-77.009684,07122019-10:17:07
88456bca-2e96-492f-8d64-1e5fcea3220a,38.903862,-77.033619,07122019-10:17:07
1de667b9-351d-49e0-b7c4-0af1f59e7718,38.894027,-77.021715,07122019-10:17:07
1aea3299-7396-4519-becc-6e484710c858,38.90382,-77.043324,07122019-10:17:07
0c192707-fe4e-4aa1-ba04-2686f4ef6fc0,38.900857,-77.033644,07122019-10:17:07
5ac3158d-5e24-4d98-bfc8-c51a6950bed8,38.903173,-77.04786,07122019-10:17:07
98c4613b-aeb6-474a-98d9-02248705bd37,38.898515,-77.033143,07122019-10:17:07
050888c0-73b9-4272-ad22-87286602cf84,38.915224,-76.983565,07122019-10:17:07
1d26c340-5fcd-4fb0-b16d-af9ba6e96a45,38.89627,-77.029896,07122019-10:17:07
46471fc2-e0f6-4831-b30b-359b15db9565,38.929179,-77.02124,07122019-10:17:07
cdba064f-8745-4d75-aba3-a3e8161af46b,38.900698,-77.050145,07122019-10:17:07
592033ec-7bf1-48fe-819f-bd2f1fe5fad1,38.867388,-76.988413,07122019-10:17:07
e928b68c-d710-4939-b741-518c5cc26fcc,38.899977,-77.039862,07122019-10:17:07
63c4fcfb-fecd-4f10-a4ce-88eb0a45b128,38.880845,-76.9851,07122019-10:17:07
712eeccf-31dd-45a7-a8ec-dd828f63c799,38.900873,-77.023156,07122019-10:17:07
5d11ec34-a3f0-4f33-9c8e-215e57c5bae7,38.899086,-77.01364,07122019-10:17:07
719994be-8307-48f6-a7cb-71da5bb37a19,38.930357,-77.034001,07122019-10:17:07
86869deb-d4e9-4ea0-9d1a-11e6021e3f15,38.915623,-77.029771,07122019-10:17:07
bce0523a-75af-44be-b44f-6e33ebc53485,38.901135,-77.043483,07122019-10:17:07
16bdcee1-a9e5-47f3-8ff6-5f7d5a9ff943,38.905769,-77.044705,07122019-10:17:07
d644552e-3e12-487a-8217-67ed3e8e2dbc,38.891933,-77.00578,07122019-10:17:07
2b3e97f6-241d-4485-bdcd-8f2e476d5d69,38.90031,-77.044679,07122019-10:17:07
d41c07cd-eeb0-4b40-bd4e-35db8b41f5c0,38.905811,-77.002985,07122019-10:17:07
b020b5c1-891c-419a-a79f-c1b062e84b42,38.87605,-77.007489,07122019-10:17:07
3083bea9-69ed-46b8-8d1f-6dcf6a27077c,38.914168,-77.045469,07122019-10:17:07
762f3539-cc7d-46b2-b5cd-48291e5eb66c,38.916971,-77.041329,07122019-10:17:07
448c094e-32f2-4c39-a847-fb964240c5f6,38.90397,-77.043219,07122019-10:17:07
cd371f81-4ee1-433b-bf58-859a326854f1,38.904063,-77.043226,07122019-10:17:07
3798fe33-1ce2-4966-bf24-0b9e7626e71c,38.897519,-77.02879,07122019-10:17:07
27b86274-3424-4f98-8d2b-e3f94da7a997,38.871453,-77.007308,07122019-10:17:07
ec4f6936-3214-401c-9a0a-3b5e3d174a08,38.907894,-76.997312,07122019-10:17:07
a6009fc7-f635-4e33-83dd-db9b06c7f28d,38.892316,-77.028338,07122019-10:17:07
ff3e7f68-e57f-428e-856b-1993b2881018,38.927968,-77.032338,07122019-10:17:07
5537b9ac-ee9d-4e5a-95ff-7d3ea4047864,38.898708,-77.01521,07122019-10:17:07
8b980a27-cf28-4559-9346-b99fbd4a346b,38.900111,-77.02165,07122019-10:17:07
bff7dc2a-a089-4668-9e54-b8e1c551f873,38.907352,-77.052771,07122019-10:17:07
3ae8199a-e768-4113-b952-33931ee500d2,38.898535,-77.026877,07122019-10:17:07
a44cd7e2-8d87-4e03-9728-944b0c3da0b9,38.900939,-77.035483,07122019-10:17:07
f93269e3-d4f0-415b-8d5a-e48a5563ca13,38.904162,-77.043539,07122019-10:17:07
7d4885b7-055c-472e-83fe-ed75c6aeb65a,38.928951,-77.032874,07122019-10:17:07
f767dc1f-8214-4626-bc8a-450908e54561,38.902883,-77.025724,07122019-10:17:07
7fe7acef-7caa-4023-9a43-25fb93daf8a9,38.902176,-77.023021,07122019-10:17:07
2687b0ee-d44f-42cd-9c50-706da4b47019,38.907492,-77.00303,07122019-10:17:07
d5f9de26-6ed7-4dca-98da-0cf27e86b957,38.923667,-77.054548,07122019-10:17:07
54560fdc-b983-44fc-8a0d-60b3b34f0324,38.90555,-77.038314,07122019-10:17:07
005be5a4-1db9-4f75-b56c-ad722856e8a4,38.928938,-77.032885,07122019-10:17:07
e848fe94-9e46-4a77-b657-a15d008d765b,38.890355,-77.025733,07122019-10:17:07
e4ab9975-d789-4919-9cb1-14d97f84a2e3,38.893786,-77.003236,07122019-10:17:07
a99df89e-fbf1-48bd-9822-472ff7ffd77b,38.883794,-77.008803,07122019-10:17:07
2d9942b5-7629-4644-85d8-eedd4c7b10d9,38.88451833333333,-77.00578999999999,07122019-10:17:07
ed5c9c97-fcac-4112-9fc7-cb64374c1102,38.900198,-76.997131,07122019-10:17:07
b2d3cd4d-c718-4d01-b6bb-454c4947d0d9,38.89183357699677,-77.03255816569845,07122019-10:17:07
d7294142-835c-4afe-85c0-36a1954a5384,38.90297,-77.051633,07122019-10:17:07
d2526ad0-6000-4b77-9da0-bb4c86d2204b,38.902526,-77.038559,07122019-10:17:07
904312b6-45bf-4b0c-a751-bd12ad0b5bd1,38.900978,-77.033476,07122019-10:17:07
0ac29149-e4cc-4b53-b2af-8ec38122ac41,38.937286,-77.024638,07122019-10:17:07
86678d44-2aa5-46ca-bee4-0df6c0eb6ad6,38.93925,-77.033259,07122019-10:17:07
ea302f29-068c-4ad0-a92e-fa982b39704b,38.898506,-77.022837,07122019-10:17:07
c5360c4e-4feb-44f6-9aac-2311e1588c42,38.915042,-77.045378,07122019-10:17:07
8533f005-8d57-4ce4-ae01-e6135e117493,38.896502,-77.009152,07122019-10:17:07
a6ba8c88-15a1-49c8-82b0-4782f439f214,38.890645,-77.011848,07122019-10:17:07
bafa9f50-d8f0-494a-96af-a1a7aa29e367,38.95207,-77.002651,07122019-10:17:07
a72b7322-6b94-40ea-850c-015c7981598e,38.892595,-77.022021,07122019-10:17:07
23b8b157-23c1-4f01-91f3-2ae139768c03,38.903562,-77.039745,07122019-10:17:07
ab10f994-4670-44a3-a768-79dd337b25d3,38.90831,-77.02984,07122019-10:17:07
db4b6d98-9a5d-4a3c-9bca-6199655c9d52,38.901151,-77.030743,07122019-10:17:07
020eacbd-ed56-4f25-92aa-9f074602f6d6,38.937038333333334,-77.02400166666666,07122019-10:17:07
1821e7bb-85c3-4ecb-b507-147fbd4291d9,38.90555624576364,-77.04010243591057,07122019-10:17:07
c78b7435-2bb8-4ac5-9387-3c2fb0eb75bc,38.904324,-77.06602,07122019-10:17:07
da784493-6902-4749-8556-7a292517e869,38.902426,-77.038229,07122019-10:17:07
3db911c9-31d4-455d-9c74-db9acaddf7ca,38.903018,-77.061188,07122019-10:17:07
e2c10126-705d-47e5-a2e8-57aed1f403bf,38.91117166666667,-77.04446333333334,07122019-10:17:07
c755b675-1d2b-4b8b-879f-a230c6bd5031,38.902144,-77.022855,07122019-10:17:07
fc081c16-bc6d-46bb-a179-8001d42b713b,38.920196,-76.982016,07122019-10:17:07
da186f23-67d9-4f8c-a013-a1e897d82eeb,38.886122,-77.012681,07122019-10:17:07
1fd48bfb-1058-474f-86db-cc23ff1ce708,38.904254,-77.040526,07122019-10:17:07
69a448e9-b4e1-425a-a7fc-82b38ee87512,38.90257,-77.029462,07122019-10:17:07
33d9c01b-96f9-44f7-9f5d-e5f37644abd6,38.904068,-77.043976,07122019-10:17:07
57f94dc7-ff2b-45ac-a4de-dfb43b962eb1,38.903038,-77.064857,07122019-10:17:07
dc6e9bd8-95cb-492a-b469-352e25965347,38.904653,-77.039644,07122019-10:17:07
d8df5d43-680b-478d-b354-3eb2b010f041,38.901322,-77.028855,07122019-10:17:07
8141ec85-2103-4ee5-9f8d-fbd87cba0307,38.905045,-77.064954,07122019-10:17:07
de6319c4-4b21-4c0d-b936-649e49cb49d1,38.898385,-77.048944,07122019-10:17:07
0f260eb5-fde7-4a6b-a43b-3bb7c99725db,38.903798,-77.042094,07122019-10:17:07
e1640641-3749-4d5e-ba12-e7cedebcb0e1,38.898379,-77.048895,07122019-10:17:07
a605d18b-ff35-4a69-8690-75a1f26b1fbe,38.898323,-77.040698,07122019-10:17:07
8fb5e126-04f4-4f2a-96f4-fd4ba564d00b,38.906136,-77.003633,07122019-10:17:07
11e0f408-915c-4b55-8bcf-040924da08c0,38.903253,-77.02789,07122019-10:17:07
51d73f50-6f2d-404c-a444-e3631eeb1383,38.914938,-77.045661,07122019-10:17:07
736c74cd-3f9c-4da0-8edd-24c02e5f1ef8,38.898445,-77.051361,07122019-10:17:07
0492f8bc-3f19-48e1-803c-55ab47a444b7,38.899999,-77.021632,07122019-10:17:07
a5ab3629-4fbc-43f1-997b-fa5b4b8468b9,38.893953,-77.023688,07122019-10:17:07
06b2c456-b506-4beb-a8a3-857262b48c72,38.892169,-77.024447,07122019-10:17:07
ad9a4e5f-d4a5-4fe1-af5d-a8ec88f70b36,38.893975,-77.021687,07122019-10:17:07
ad31ea35-da18-4682-95da-8bbbc622d419,38.896855,-77.003416,07122019-10:17:07
0cc70aec-8857-4034-8f96-df68a5bc3530,38.900364,-77.033398,07122019-10:17:07
11ae2551-6de9-4aa5-bbf2-99b00a5ef572,38.905773,-77.042954,07122019-10:17:07
898cd90f-cc4b-4b95-ab5b-a2902c11a997,38.89839,-77.048987,07122019-10:17:07
4655dcfb-bbcd-46ca-bc27-e2b5aabf6d1f,38.893617,-77.007172,07122019-10:17:07
6398af59-9e92-4e42-8860-85fff37ce974,38.886696,-77.001536,07122019-10:17:07
f2d2a723-4859-4453-8ebc-965d72b1c2c7,38.902453,-77.031954,07122019-10:17:07
36a98716-f600-44e4-ae2b-31f9978b35e9,38.944009,-77.027493,07122019-10:17:07
6ff3bc99-f32f-4545-baa3-a2b2c5ff0fd1,38.901516,-77.042351,07122019-10:17:07
1d632e70-d3b0-4acc-aa73-255fc16509a7,38.884931,-77.016085,07122019-10:17:07
7a652657-d0da-43db-a2e3-d32977285dd8,38.903562,-77.046333,07122019-10:17:07
2dbde931-a4e1-4797-ba94-8592eb79b90e,38.903999,-77.042838,07122019-10:17:07
e3549fab-d402-4892-a8e6-0596bfec0e04,38.88884333333333,-77.01969833333332,07122019-10:17:07
2bbfb28d-ace0-4e46-a4c2-c3426136a8db,38.895196,-77.021811,07122019-10:17:07
5b44e704-ae2d-43b8-949b-d1bf985457ca,38.897979,-77.027974,07122019-10:17:07
1c4f66c6-b962-416d-a58d-ff6fb0f1f671,38.907274,-77.003879,07122019-10:17:07
6cabbbb6-8219-4552-a620-8fa8b57f8104,38.89219800635595,-77.02353645695463,07122019-10:17:07
ff030c04-e47b-4ad5-aba3-9e9eb75609af,38.885924,-77.017851,07122019-10:17:07
65878f90-53de-4019-82e8-9d4aebea4e1a,38.902617,-77.038431,07122019-10:17:07
996ff56e-e5cc-46e5-ba26-f4f44dc2f0c8,38.886755,-77.025106,07122019-10:17:07
d2f2600b-0e51-4793-8239-16d8e51a1f14,38.92399,-77.040682,07122019-10:17:07
bfa55b87-13e8-4e36-98cc-8296916b00e6,38.886179,-77.018518,07122019-10:17:07
df7b4e98-5acf-4eb5-b7ff-5626f141f8f9,38.896232,-77.025772,07122019-10:17:07
6f4b6c40-c80e-4c3d-a9aa-c5209e81d7fa,38.928665,-77.032867,07122019-10:17:07
afcc77da-040a-4513-a264-37f7db7fb6df,38.902733,-77.047451,07122019-10:17:07
65adba47-3319-4a03-80f1-939a86cb5819,38.90318,-77.039375,07122019-10:17:07
67d2d960-6786-41c9-bbb0-0ac23c45ca26,38.90153,-77.043147,07122019-10:17:07
dd95f4b8-2016-4d57-aee6-6b3a0897b2fb,38.90742,-77.038602,07122019-10:17:07
497e8c74-d74a-4bb1-81cc-72982a0c4925,38.903752,-77.03355,07122019-10:17:07
2c38872f-39bd-4f1b-a53f-646171f4923c,38.902142,-77.024424,07122019-10:17:07
ce523bdd-ed75-44f8-81d9-e8d3c176f1d8,38.896059,-77.027841,07122019-10:17:07
d5e88eca-1a06-4ae4-a629-88e3628d572a,38.902414,-77.042676,07122019-10:17:07
a6ad4220-69b9-4c5a-b55a-5043c185f22b,38.924581,-77.052197,07122019-10:17:07
15ad394e-186c-46b7-badd-47dda2e5c8ec,38.894072,-77.021715,07122019-10:17:07
4dfaca09-8b78-4dde-98ed-1876c65b703b,38.901206,-77.060079,07122019-10:17:07
81ae5f10-106f-4e72-8cc2-524e7b51e5e7,38.903695,-77.048391,07122019-10:17:07
9aaa65ef-7f11-4ac2-8e51-da67796bc95f,38.886119,-77.012536,07122019-10:17:07
f8aaa0a6-3efa-49a7-b35b-1a0727cce154,38.892215,-77.023629,07122019-10:17:07
992b9e62-0c27-4ec6-809c-528d1055b7dd,38.884953,-77.007406,07122019-10:17:07
011f8971-425a-4776-b01c-84f017549750,38.912048,-77.038641,07122019-10:17:07
b86635dc-1570-4627-8df2-4577c38242dc,38.895472,-77.043655,07122019-10:17:07
0653495b-904b-4f23-ab73-a8efe2eda967,38.88886333333333,-77.01326,07122019-10:17:07
d7be37d6-034c-4758-a4c8-72f174cdb116,38.92132257580656,-77.04226082198046,07122019-10:17:07
021760c6-6132-460a-a93f-597e3c2c6597,38.893929,-76.949984,07122019-10:17:07
e02f6f4c-1840-4a95-9fdc-1aee26da3234,38.920575,-77.000519,07122019-10:17:07
80c251c0-78ad-4fae-a7b7-7a85dd3751d8,38.910136,-77.044474,07122019-10:17:07
dc6bbc42-4d38-4298-b62c-ff2e3802ad2b,38.905084,-77.034754,07122019-10:17:07
5670e244-e452-486d-a9b6-50db84de6b0a,38.896845,-77.033401,07122019-10:17:07
28fe8ffd-31df-40f7-a7ab-d4a2b47b3de6,38.903478,-77.01913,07122019-10:17:07
26b5febe-1b32-4b5a-b088-9faa9b91d70a,38.886757,-77.044749,07122019-10:17:07
c388c45c-6523-45de-b4a4-f6b67bf707cf,38.900518,-77.033034,07122019-10:17:07
69a6afba-91dc-41ba-ab40-369fa4be3977,38.903136,-77.058974,07122019-10:17:07
8f897cf8-0dbf-497d-9477-7a9ef114049b,38.91198832079667,-77.03861754394792,07122019-10:17:07
92b9791d-44bf-4201-836a-74e1ddf3e49a,38.898262,-77.019949,07122019-10:17:07
83f0d592-bb87-457c-a011-0f9d92ba1fde,38.897116,-77.027963,07122019-10:17:07
971f9426-fbe9-4417-8724-1f575f1c071c,38.90158,-77.043274,07122019-10:17:07
03a69608-a8fe-4f3b-9b6e-bb6a686eed13,38.899295,-77.023922,07122019-10:17:07
d003b299-8506-4270-9a3e-670d2d84a5b0,38.909675,-77.033068,07122019-10:17:07
48fc197b-aa05-4787-83d9-1464a433c519,38.941024,-77.025487,07122019-10:17:07
9e5bfe59-9d8f-4d31-af36-448b96ae78f6,38.90359,-77.035377,07122019-10:17:07
7c6d33ab-0005-45c8-a94c-c25ccf7f99b3,38.917084,-77.041414,07122019-10:17:07
310fbba5-0803-409c-b631-fff2124a7acc,38.886925,-77.01538,07122019-10:17:07
5b9dc8e9-9637-4536-b109-cd5ec49314c1,38.907933,-77.074427,07122019-10:17:07
9a2118ff-b8be-4019-b0f2-bf4e0f8cf029,38.903968,-77.036652,07122019-10:17:07
76e5f9e1-637b-482b-9b31-a3b308cca4eb,38.910134,-77.044576,07122019-10:17:07
aa1e42b5-f398-4a9d-93c8-fd2231229de2,38.898036,-77.027921,07122019-10:17:07
af1d5b66-37de-4d9c-8230-57e22efecbb1,38.89832,-77.048788,07122019-10:17:07
e1e73c83-e297-42c7-bb93-cefdc94382e1,38.901321,-77.026994,07122019-10:17:07
c34914ec-d10e-43e9-8aa1-09d14f0cb7b2,38.894735,-77.025673,07122019-10:17:07
a80ba329-324e-440d-96e5-e669d0da4cf4,38.907785,-77.037706,07122019-10:17:07
d2651d90-8659-4d01-b9c6-bcb941a5b5dc,38.898427,-77.048975,07122019-10:17:07
a60d0e44-857e-418b-a542-3f64c6ed8a99,38.937011,-77.032679,07122019-10:17:07
3a4b5a8a-ce90-467f-bb0d-31539d4d9ab0,38.901437,-77.043647,07122019-10:17:07
c654c2ec-1a5d-4b95-9816-a948c9570b9e,38.927902,-77.032416,07122019-10:17:07
7ca44fa6-eb8a-438f-ad6e-bd4b6e8587e4,38.936972,-77.032621,07122019-10:17:07
a2fff128-0c91-4768-b27f-3d4c5f24ffbf,38.89196,-77.025702,07122019-10:17:07
d3d40be3-7ef5-4290-9a36-7bc38e59742a,38.910021,-77.044541,07122019-10:17:07
71af5eec-8ba5-45e7-8b76-03b3e11df25d,38.904567,-77.032967,07122019-10:17:07
9da77162-bc13-4820-9849-c9dabbfd9d38,38.900173333333335,-77.03865833333333,07122019-10:17:07
3735e8ab-9fac-4a3e-81ee-2fdf4218e129,38.885135,-77.00884,07122019-10:17:07
a8ba7edb-b0bd-49b0-9ecb-854d6bf78a16,38.89194766849482,-77.03024191844587,07122019-10:17:07
ece21d63-6036-47b2-9960-1eb0ca899fa9,38.892693,-77.012144,07122019-10:17:07
74952811-3366-4bb5-b570-6744740e4350,38.900053,-77.045757,07122019-10:17:07
94c2493a-4275-4c74-8d40-196c02333e29,38.90121,-77.041682,07122019-10:17:07
c8d8d532-191d-4312-a635-751aed7dc6cc,38.901489,-77.028793,07122019-10:17:07
8b7b3857-7d8b-405d-b73d-20354a4eb2f4,38.910109,-77.044616,07122019-10:17:07
513f9fd0-0bde-4da0-88fe-6e09cd7742ed,38.894807,-77.013837,07122019-10:17:07
6669fcde-80d2-44a9-8ff1-841e88524f94,38.89556,-77.033504,07122019-10:17:07
b7a4d28e-ab3f-48b9-91e9-dd9c597e9622,38.909883,-77.054881,07122019-10:17:07
c09602ac-e95b-48da-aaf8-9a64431249a4,38.897613,-77.055116,07122019-10:17:07
e8b12521-6628-4d75-bca5-5a89b818eae1,38.9157679,-77.0461478,07122019-10:17:07
872b53df-06cd-4ebf-ba85-c3b9d5cf3c4c,38.914644,-77.046265,07122019-10:17:07
a2fbdebe-1f02-4425-a696-02cb62284899,38.90229,-77.031821,07122019-10:17:07
1a878a18-955b-4d08-b40f-f5806571edde,38.88751,-77.008453,07122019-10:17:07
07620287-9050-46f4-8be3-6ec2846010bb,38.917592,-77.025915,07122019-10:17:07
4844bd0e-90ee-4f74-b7ad-3cb315ec7f36,38.904118,-77.043072,07122019-10:17:07
e50af7c4-3d3f-4ebf-8953-545a25f41a5d,38.941878,-77.032427,07122019-10:17:07
f6918a16-a3f7-49fb-8581-60f6935ac231,38.901711,-77.034556,07122019-10:17:07
865f600e-4bd4-4b46-9784-27470efe37c5,38.897885,-77.043305,07122019-10:17:07
37c21a97-3c47-4d22-b79e-d58b0fb0bb6b,38.886696,-77.044772,07122019-10:17:07
5ca442e7-fc96-44b1-8550-8bfc28c7513b,38.903914,-77.042294,07122019-10:17:07
e5d04f7c-84c0-4633-ad34-d3bab1d69256,38.904385,-77.043681,07122019-10:17:07
4df336de-a687-4afd-95e1-a6fbdb2012e8,38.914857,-77.045488,07122019-10:17:07
84857bf1-25f3-4d62-ae19-3fad5fb6a4d6,38.937114,-77.024618,07122019-10:17:07
db950b86-0d10-4e1d-b92c-e38d34c0de48,38.899898,-77.02159,07122019-10:17:07
2d8a02c1-0ad8-48f6-a419-a95448bfee70,38.876494,-76.99752,07122019-10:17:07
7265a3bd-f363-4117-ba9c-b6f071f58981,38.88671912389668,-77.00165513254439,07122019-10:17:07
988bfa99-8dc4-493e-a88e-3ba69aa4d33c,38.90131833333333,-77.03582833333333,07122019-10:17:07
705a5618-88f3-4ccf-b84a-b509e3acd9f4,38.920543,-77.078737,07122019-10:17:07
591b7df6-65dd-46fd-ae77-010f9728529a,38.903451,-77.045205,07122019-10:17:07
18a84605-e697-4ff8-8b39-7a5e8de7aa78,38.897119,-77.007431,07122019-10:17:07
37ed08e8-92f6-482e-b5ea-05738e22f156,38.900149,-77.021638,07122019-10:17:07
a457afa6-9e90-4a04-a95e-68256399ebb7,38.90525526370751,-77.06292372204089,07122019-10:17:07
15198893-bd8c-4c3c-8965-374e68b617fa,38.898961,-76.996792,07122019-10:17:07
f67ed9b6-fee3-4492-ab4c-94cd14a6aa44,38.9026,-77.03183666666668,07122019-10:17:07
5429a17e-fd25-48fb-aff1-549556901507,38.892162,-77.003552,07122019-10:17:07
7cd06fc6-e590-4cce-b5a8-976a1721f095,38.898772,-77.01203,07122019-10:17:07
429525ba-d610-4b69-b503-e4c19e3ae7b9,38.893403,-77.003502,07122019-10:17:07
f163dcd5-11d4-493e-8be0-18e6630a1738,38.899686,-77.043341,07122019-10:17:07
a6deee31-a286-4a99-89b1-382fbb82fd17,38.923653,-77.05133,07122019-10:17:07
fbfcd475-b2fd-4bd6-91bd-316690165192,38.886461,-77.017501,07122019-10:17:07
5cababb8-c18f-49da-ba05-102271e84182,38.907589,-77.036462,07122019-10:17:07
ae11c483-0c1a-4cc3-be39-7874bf8d330b,38.901556,-77.029214,07122019-10:17:07
21d7ce01-2929-4905-ba2e-a0da471f2019,38.887469678017574,-77.00574924487596,07122019-10:17:07
ef144689-c699-4b71-bbbd-ad82eda87212,38.901354828885665,-77.03494258232138,07122019-10:17:07
3b696158-9b10-4a48-8cdf-f3d597b775e6,38.897442,-77.007518,07122019-10:17:07
3a9c0f56-f618-4bdc-8f6b-d615c36297f2,38.907394,-77.000223,07122019-10:17:07
836daf8d-c956-404b-a928-e5276848db0c,38.900954999999996,-77.02188833333334,07122019-10:17:07
6081c46d-213c-4a93-bf01-acacef9e3c54,38.908163,-77.043164,07122019-10:17:07
ab653565-c387-446c-a586-8404f72aff3c,38.907485,-77.03865,07122019-10:17:07
de9ddf6c-29ed-46ec-8b34-ee40ddbebf52,38.906946,-77.035245,07122019-10:17:07
533afeb2-6f5e-4975-a869-4add85798a05,38.878201,-77.023617,07122019-10:17:07
ba96b68f-be07-4971-a681-06f05366c629,38.915251,-77.044822,07122019-10:17:07
6c3e87f4-1f85-4bb0-b9e9-9cd7470a3a56,38.910164,-77.044603,07122019-10:17:07
d53e1152-0370-49a2-af93-9bc7f1212abc,38.883655,-77.00959833333333,07122019-10:17:07
123bf9c2-a09c-4264-9d53-01c567faece9,38.900194,-77.034476,07122019-10:17:07
7e2d5472-365a-4f06-830c-0a1ad3e1672e,38.901943,-77.061779,07122019-10:17:07
851e80fc-4d41-46fc-8fcd-f42e7e0e1a13,38.902712,-77.039738,07122019-10:17:07
cfac47f1-f7c4-4d30-8898-bf76df1236fd,38.897419,-77.032333,07122019-10:17:07
bfed1e89-618b-4f13-8ce4-bc08f2b2979b,38.876263,-77.007329,07122019-10:17:07
4fb0a437-9332-4a10-9a2b-5501fffda32a,38.89182,-77.003517,07122019-10:17:07
db0ee5f9-3ba5-40c0-95ee-96394eb07327,38.893194,-77.031993,07122019-10:17:07
bc0849b1-2e26-4524-a4d6-9fde007d8474,38.90094,-77.050519,07122019-10:17:07
db233224-0f8c-4dff-b17f-f7dc7c122f55,38.90059,-77.00696,07122019-10:17:07
834546b2-8a23-4bcf-aa26-52329b55129b,38.887991,-77.016285,07122019-10:17:07
a9055a5a-4498-42bf-94d2-5876840277ca,38.8918325,-77.0304448,07122019-10:17:07
1dd80277-2045-489c-89e2-7b1d7979c87c,38.88384,-77.025338,07122019-10:17:07
0aa48622-e7d4-4a37-a988-69b66c7d1661,38.892138,-77.003533,07122019-10:17:07
8e3946e4-233a-4642-81ef-9eeced355e80,38.8922812510644,-77.02355710796735,07122019-10:17:07
b21d9187-8931-4607-897f-0a5514f8c92e,38.941954,-77.032515,07122019-10:17:07
549a3b93-4634-428d-ae8c-7823405c3c67,38.911044970374675,-77.07392321388524,07122019-10:17:07
d46ee456-d486-4748-8e17-f00cb9b92986,38.914132,-77.028646,07122019-10:17:07
e6ffae08-faa9-4e38-97ae-a2b5d6864405,38.899951,-77.025815,07122019-10:17:07
5c0ed009-2aee-4a28-935f-7eecfa15af99,38.892185000000005,-77.02362,07122019-10:17:07
15a58443-b320-4e8c-9ff1-056a79a95fd2,38.902322,-77.038494,07122019-10:17:07
da7e4d49-1b7e-4ff3-bf8b-828d95c3e907,38.910151,-77.044523,07122019-10:17:07
0d1ff0ac-c0fe-47d1-9c55-bdd9ced8f5e6,38.905088,-77.034586,07122019-10:17:07
bdf8789c-275d-4bc2-b634-107370edee5b,38.905203,-77.064405,07122019-10:17:07
ff3735ee-9619-4a6f-b8dc-f0fa1f5bc853,38.902952,-77.036547,07122019-10:17:07
928c27cc-6376-443e-a6c6-b954c32a6d0c,38.903048,-77.064896,07122019-10:17:07
ac1670a3-4617-482c-9571-856bf782924b,38.895503,-77.043718,07122019-10:17:07
5c56e9e6-359f-4c1c-ad37-9558b64d600e,38.90252355238617,-77.01741150082653,07122019-10:17:07
4b9fc6d9-c075-4074-aa97-f9857ced93c6,38.898522,-77.027913,07122019-10:17:07
f0a3c99b-a067-4e5f-b0a5-0ee4d618f8cd,38.892252,-77.033235,07122019-10:17:07
af12546b-4276-4f35-a057-8ce8c4c155f0,38.903799,-77.031484,07122019-10:17:07
8d455d46-3e31-4fa6-9cba-11abefb40e40,38.902877,-77.022042,07122019-10:17:07
00e5e8fe-5d1e-4af4-a413-186a05b8fddb,38.891802,-77.003521,07122019-10:17:07
0ff9c0e8-893b-4411-9495-4249530a5ad8,38.902296,-77.036749,07122019-10:17:07
43b32c95-7cda-47bf-90e7-579dc3bf9c92,38.898931,-77.023688,07122019-10:17:07
2c66542c-2622-4562-a689-32e178a232b6,38.888653,-77.032783,07122019-10:17:07
2d1d5759-77c3-4dc8-9ccd-805db936d61b,38.882563,-77.023968,07122019-10:17:07
45cba98e-12c8-4113-8c0f-fdf315013362,38.875588,-77.001098,07122019-10:17:07
5a2f3fc3-4dd7-4005-b390-2e7cf6262c9b,38.897181,-77.002007,07122019-10:17:07
7e0762f7-64be-4ca2-8b75-eee17a43fc19,38.906654,-77.04768,07122019-10:17:07
780a6fce-f80c-45c7-b51c-12cde7b67952,38.898273,-77.042884,07122019-10:17:07
380024bc-5410-4d9f-ab5a-294c72443195,38.884039,-76.978775,07122019-10:17:07
8a470589-42ef-4c9f-ae33-e92665327330,38.92534,-77.052701,07122019-10:17:07
c336086e-d751-49fa-b515-8d9c286bdf52,38.900102,-77.021755,07122019-10:17:07
4504decf-9491-49ad-af89-a1e6e661462e,38.897581,-77.031387,07122019-10:17:07
b62e606f-7cc7-4f28-9b59-d2e5c757090f,38.92470634515432,-77.05199132228124,07122019-10:17:07
365a6796-fd44-41b3-8300-17d2246fe352,38.89697528447853,-77.03372603289506,07122019-10:17:07
af2d882f-84fa-4847-8450-222892cf1100,38.884287,-77.029689,07122019-10:17:07
6b5a7342-f504-4bee-8d73-85d191af1efa,38.90675,-77.03833833333333,07122019-10:17:07
997d60d0-8bee-4474-a81b-8136c0ee90b3,38.9025,-77.03841,07122019-10:17:07
5071fecf-031d-407a-a25f-fa30019bed52,38.921037,-77.032365,07122019-10:17:07
54fa9585-f688-44cc-bcef-ff630c2314fd,38.900353,-77.039399,07122019-10:17:07
99ce26f5-7760-41a3-8caa-a3a11e1f2cd6,38.899105,-77.032553,07122019-10:17:07
41df7657-423b-4914-87f0-6ca00ee3876e,38.895595,-77.00672,07122019-10:17:07
df3fbcaa-f4ce-4a61-aab8-97f834727e0d,38.92104,-77.03161666666666,07122019-10:17:07
581b8418-b785-47e2-9d1d-571a85d5607a,38.925664,-77.030557,07122019-10:17:07
87fedc5e-6e29-4ef8-bf21-68b1db9e2ebb,38.867436,-76.988301,07122019-10:17:07
3cab8c4f-5394-474c-87a0-afc6efa1859e,38.901683,-77.047508,07122019-10:17:07
f283bc2c-2aed-4d5a-a7a7-db1fb53a4369,38.903083333333335,-77.06012666666668,07122019-10:17:07
dc9d98c2-7fc8-4cd6-ae04-86d35d362011,38.890592674760974,-77.0222643670412,07122019-10:17:07
2337d0ef-d334-43ef-86ed-442203632099,38.90045,-77.040079,07122019-10:17:07
cb2e3e25-993f-4da7-9fb0-65dfe6db69bc,38.876803,-77.009607,07122019-10:17:07
54432c58-c655-4a39-a5af-caec7fb47686,38.902427,-77.059517,07122019-10:17:07
dc2f963b-f2f7-4738-b76c-c2881eda8496,38.928958333333334,-77.06124833333334,07122019-10:17:07
277114a3-c1ae-49f4-833d-72d7c50d56f8,38.901376,-77.022261,07122019-10:17:07
64999ca5-2906-4462-b673-5b4390b55657,38.867331,-76.98831,07122019-10:17:07
bca676ee-4a5d-4dc0-a29a-70f10cea5ae2,38.901905,-77.04872,07122019-10:17:07
e6ddac3e-e3b8-4a7c-9501-9c49f11e1d92,38.903581,-77.03522,07122019-10:17:07
6a61361e-af6b-4de1-82ca-824edfeeea55,38.870827,-77.013792,07122019-10:17:07
195a6d0e-3a12-45f0-9dd0-4099edf26912,38.917127,-77.041567,07122019-10:17:07
30426afe-3ccf-4def-8665-58eb544721ac,38.902955,-77.06479,07122019-10:17:07
3129d922-dc5e-4789-bf65-3f0dfe503442,38.891193,-77.01499,07122019-10:17:07
14d82370-d278-4779-bd03-1e246944ad50,38.901704,-77.059173,07122019-10:17:07
15fb4eb7-62ad-4616-96e5-90169f3b223c,38.908638,-77.04692,07122019-10:17:07
fe3e68e9-31c4-4e01-9b5c-ac59a1716b9a,38.89903666666667,-77.01950833333333,07122019-10:17:07
8fc6cc5c-cb19-4752-bb0a-c082dae7d31b,38.898202,-77.013595,07122019-10:17:07
086f4779-b953-4e38-8e3a-807909c919b2,38.900992,-77.041595,07122019-10:17:07
85b23ea2-cfea-4440-ab55-fa4f39940899,38.885245,-77.015479,07122019-10:17:07
e0f4ad6b-3185-49db-8449-4a6488aa0044,38.866598,-76.985008,07122019-10:17:07
de14cd49-54b5-46a4-bacd-f671da15f473,38.90159666666667,-77.03466,07122019-10:17:07
1542d156-c10b-4c6c-8300-5005932ad680,38.893821,-77.021938,07122019-10:17:07
b514e078-40ab-4670-b268-3be5d4a3cdee,38.914453,-77.004705,07122019-10:17:07
1a8a24cd-36f3-4cba-aa06-afc2f2683d64,38.880092,-77.005261,07122019-10:17:07
ef4e06cf-e37f-4541-8f1d-26272ae688ec,38.902861,-77.059194,07122019-10:17:07
83b54952-c5e0-44f2-83de-07c88040f547,38.902098,-77.023043,07122019-10:17:07
caad5667-4063-4483-84b6-98827150f69a,38.897701,-77.031838,07122019-10:17:07
1072180c-88a2-4c4f-a251-2f1b76742c24,38.892226,-77.022233,07122019-10:17:07
40fa705c-a368-4641-9041-8ba1bec2a9ce,38.9109028,-77.004731,07122019-10:17:07
