EWUATQY4PY7PU,38.900517,-76.982994,07122019-10:43:34
X7IARNNDKZ2OL,38.902426,-77.020999,07122019-10:43:34
GENDQWE24SHDL,38.897361,-76.946882,07122019-10:43:34
76ZAEFI2LPOB7,38.896659,-77.027854,07122019-10:43:34
HYRQBVSKXQX5H,38.89869,-77.027966,07122019-10:43:34
K3XTYEQ5V6TW3,38.902686,-77.03414,07122019-10:43:34
M4JZ4D7PH3EHH,38.896156,-77.016543,07122019-10:43:34
ZAWB4AYVPLCAB,38.929477,-76.961532,07122019-10:43:34
RIU4KMI2PF4YS,38.89061,-77.025576,07122019-10:43:34
BKNYPEKSSUWQ2,38.893536,-77.0241,07122019-10:43:34
YTJFCANKDUC4M,38.892203,-77.022265,07122019-10:43:34
GOUKSPX4FBMN7,38.889238,-77.049199,07122019-10:43:34
QKC6KRTLCQ6GQ,38.899911,-77.027529,07122019-10:43:34
J5VJNPA7CK5P3,38.937131,-76.990516,07122019-10:43:34
HYEEWDYWXPH6C,38.897914,-77.051685,07122019-10:43:34
JDQM3N2VXFUUI,38.886147,-77.012729,07122019-10:43:34
ESBBTSEB54PYW,38.856895,-76.973112,07122019-10:43:34
PD2WWREYBV3IO,38.903114,-77.060587,07122019-10:43:34
DM2NS67PH3A77,38.892334,-77.019738,07122019-10:43:34
IJ32356TQYI3B,38.87989,-77.039664,07122019-10:43:34
NGVUBRBYJFUER,38.889961,-77.024047,07122019-10:43:34
TYXPFVH6AU6LJ,38.876502,-77.001731,07122019-10:43:34
GVJLPMM3JVBIL,38.892259,-77.034053,07122019-10:43:34
WKKFCB7K4BJ4B,38.961379,-77.007115,07122019-10:43:34
JOIU5GCX52LUS,38.892193,-77.014947,07122019-10:43:34
3CYRCFGBLSUXI,38.900309,-76.99955,07122019-10:43:34
R6CTVD466BYID,38.867752,-77.012792,07122019-10:43:34
XDBNQJINS5WL5,38.867693,-77.012629,07122019-10:43:34
GLVMVW3MEHI3H,38.892187,-77.020129,07122019-10:43:34
5EMVFYLO5VCX3,38.954483,-77.015141,07122019-10:43:34
ZE53SEVZLYPBR,38.914325,-77.022919,07122019-10:43:34
GN7E434BIXFF7,38.867742,-77.012637,07122019-10:43:34
NSWUN2J43W7AK,38.880944,-77.029995,07122019-10:43:34
DGE5ODTJFOBIS,38.867657,-77.012641,07122019-10:43:34
YEGR5UOYA6VVB,38.900765,-77.030335,07122019-10:43:34
PYZNOIN6LPKLR,38.897182,-77.025483,07122019-10:43:34
4BBAHKVKSTR4H,38.892334,-77.012068,07122019-10:43:34
KDYCFYZWS3PAT,38.900493,-77.011844,07122019-10:43:34
E7WXNHVBYOKFP,38.943446,-77.027013,07122019-10:43:34
VB54NQFIHOFKC,38.892236,-77.023656,07122019-10:43:34
UYF22H635UX4H,38.902444,-77.043347,07122019-10:43:34
SPRW7HBDPRLIA,38.885841,-77.017604,07122019-10:43:34
D2XSJE4HBPDGB,38.869493,-77.011456,07122019-10:43:34
J5R3JMQRDLZEA,38.892196,-77.023495,07122019-10:43:34
YFEAUP6ZYJFDL,38.887352,-77.031786,07122019-10:43:34
GPRL3D4KA7RNY,38.892204,-77.031506,07122019-10:43:34
FWSBWWKPZ37HD,38.892205,-77.033944,07122019-10:43:34
S66O2KFMSDAV3,38.897171,-77.028022,07122019-10:43:34
326I4XJ53JRFF,38.897352,-77.021998,07122019-10:43:34
B7YXV5XC5HP46,38.896697,-77.007975,07122019-10:43:34
WJ3VN25KPVWKU,38.89627,-77.025709,07122019-10:43:34
K5B7R3NOPUHT6,38.887085,-77.015062,07122019-10:43:34
3RIQPTJAPMJZS,38.927103,-77.031553,07122019-10:43:34
R4VLJSLAHXATL,38.840092,-77.040292,07122019-10:43:34
GKQPZ773YA7RA,38.920203,-77.00974,07122019-10:43:34
5T5D3DYFA7GWW,38.896256,-77.013627,07122019-10:43:34
LO23BIFLIW7JO,38.895983,-77.023893,07122019-10:43:34
HBU6THIVB3YQH,38.903198,-76.988842,07122019-10:43:34
LE5VRE7743KFV,38.906435,-77.039841,07122019-10:43:34
LEEVDOWQT6HOZ,38.887577,-77.048226,07122019-10:43:34
RTPYEVKP5YDFM,38.903187,-76.98879,07122019-10:43:34
LZL53WJHY76L2,38.899973,-77.028069,07122019-10:43:34
RD5H6T3XUGCJP,38.89223,-77.023753,07122019-10:43:34
3O6AHCUGYOE3P,38.904211,-77.043533,07122019-10:43:34
YXI5XJLT47S2Q,38.933584,-77.046332,07122019-10:43:34
MO4MVYHEXIQVM,38.906888,-77.077516,07122019-10:43:34
YADXEJCJGY6KJ,38.887603,-77.017322,07122019-10:43:34
ZERKHF4DSBYMI,38.893821,-77.028155,07122019-10:43:34
Q7QJ6KWS2ZOLG,38.903268,-77.041646,07122019-10:43:34
6QYBMZGHQVN6T,38.892201,-77.013731,07122019-10:43:34
XXWFVE32QNEQM,38.915621,-77.053106,07122019-10:43:34
YGQX6I4YY4XBS,38.900615,-77.012127,07122019-10:43:34
KC3OQYU5PBV3N,38.881285,-76.995151,07122019-10:43:34
ZCHIUIBN6MMPI,38.926754,-77.031086,07122019-10:43:34
7AFIX4SJWO2DK,38.894254,-77.032022,07122019-10:43:34
PQYIJUPTF6CGL,38.883976,-77.01368,07122019-10:43:34
JYXLI7OM7PUBW,38.898208,-77.027434,07122019-10:43:34
H2O6ELXRCSWRI,38.88719,-77.048081,07122019-10:43:34
6HQZLH2XSYCWT,38.917093,-76.991763,07122019-10:43:34
OWBXUY5DCJ2IN,38.900929,-77.011811,07122019-10:43:34
FWNEOM3I47NAM,38.892225,-77.024532,07122019-10:43:34
N3PBY4RI3UP2Z,38.892197,-77.023511,07122019-10:43:34
BTXOR73ZNXGNL,38.8893,-77.023167,07122019-10:43:34
WIU473EVAXKXJ,38.889477,-77.048228,07122019-10:43:34
2DV343RGI6DF6,38.898619,-77.032998,07122019-10:43:34
JWVYG2TGX7Z53,38.892343,-77.033238,07122019-10:43:34
OUYWDYG5HVW7N,38.897777,-77.026129,07122019-10:43:34
KLOFAVVVNOBGP,38.886817,-77.015142,07122019-10:43:34
2KC4K2ZDHEG4J,38.887466,-77.011683,07122019-10:43:34
CTZ3QJQNEYERB,38.897073,-77.031992,07122019-10:43:34
M2QHSTDMOX74Z,38.892425,-77.033247,07122019-10:43:34
HMJA5RLFYOLRC,38.902553,-77.027984,07122019-10:43:34
OPQRB6ARLBGI4,38.896098,-77.025872,07122019-10:43:34
SM32FKLW3L7K4,38.892205,-77.013781,07122019-10:43:34
VZC5VWDZHEXFF,38.897859,-77.026333,07122019-10:43:34
BEDV5HQYTXM5U,38.898726,-77.019837,07122019-10:43:34
OZ4DFOREHXON7,38.900898,-77.044746,07122019-10:43:34
7UK7QU5E5TQG5,38.892244,-77.034202,07122019-10:43:34
2YD4S2Z2HYOWM,38.88691,-77.01372,07122019-10:43:34
R4LUX3J4435SN,38.890513,-77.012816,07122019-10:43:34
AQHAI7BL5RNEN,38.905133,-77.064666,07122019-10:43:34
IPQJH6HOTQYSA,38.894498,-77.024117,07122019-10:43:34
KLEQG2TBKVM6E,38.888922,-77.044171,07122019-10:43:34
6PB2J72CX6BGG,38.892236,-77.0316,07122019-10:43:34
SHUO5GOINXSLD,38.895618,-77.033657,07122019-10:43:34
U4IGELBDZ2NMM,38.893384,-77.017109,07122019-10:43:34
MPHZ5DYKYXZDQ,38.902003,-77.027831,07122019-10:43:34
QLJRRYYZHJHTZ,38.890458,-77.033016,07122019-10:43:34
Q65HUDDU3UB7G,38.896842,-77.046413,07122019-10:43:34
HGY7DS7SN7S64,38.886133,-77.032155,07122019-10:43:34
E5BWXQISG36ZO,38.906576,-77.036794,07122019-10:43:34
E7SWJGCRZCZMW,38.89001,-77.017349,07122019-10:43:34
D724EEBZG4JXR,38.894139,-77.04449,07122019-10:43:34
Z3BZA2QJGQG3C,38.892511,-77.018814,07122019-10:43:34
GE4AFSO4QFOON,38.903236,-77.04211,07122019-10:43:34
PO4IDUS7PMQO4,38.893074,-77.020689,07122019-10:43:34
TCFR55IAFVCN4,38.900089,-76.998164,07122019-10:43:34
A6NTHRMPPRWBO,38.896561,-77.032768,07122019-10:43:34
LMJQU7VWH27CS,38.893516,-77.017202,07122019-10:43:34
56XAGXEOAFSND,38.889392,-77.048255,07122019-10:43:34
AWYOMXCTN6SHO,38.905635,-77.037551,07122019-10:43:34
YF7N6Y3H5FHBT,38.898042,-77.045894,07122019-10:43:34
JLGIP7RNALTBJ,38.887203,-77.048075,07122019-10:43:34
6WYYMNMX4FL2C,38.925008,-77.022522,07122019-10:43:34
6QFLABXWGHIBB,38.891918,-77.003418,07122019-10:43:34
JRKT3VSYVLAC5,38.884769,-77.021034,07122019-10:43:34
4ZW2IQVAQMT54,38.89295,-77.038503,07122019-10:43:34
LDCXSZBP2SFIG,38.917111,-77.027114,07122019-10:43:34
CCRGD3T7QLWUF,38.887707,-77.010745,07122019-10:43:34
E3LIBF2IJGEJI,38.892002,-77.003364,07122019-10:43:34
OSXXCTOK2YAI2,38.884523,-76.993873,07122019-10:43:34
DUNTJJEYTHHNN,38.894674,-77.068247,07122019-10:43:34
FMWSUZZC7XSYF,38.892367,-77.027755,07122019-10:43:34
K4AHBKIZWT7WF,38.898106,-77.032978,07122019-10:43:34
ZT2MWDLEA327G,38.902705,-77.058892,07122019-10:43:34
SKZW2NUBBNOUL,38.934544,-77.072928,07122019-10:43:34
B7SHQ5LPHXA4A,38.887643,-77.048295,07122019-10:43:34
4V2TV23BOXG2R,38.892382,-77.029071,07122019-10:43:34
DJ3LC4XUYY2AZ,38.917136,-76.991635,07122019-10:43:34
6XI2FWT4WFIXK,38.896695,-77.007994,07122019-10:43:34
X6WYCM6WKROZV,38.894108,-77.044344,07122019-10:43:34
7ZVYQC7T3OUH3,38.892197,-77.022237,07122019-10:43:34
N43JTEBQ3IUJM,38.887237,-77.04808,07122019-10:43:34
2OXVJHDUR5GTK,38.927209,-77.031572,07122019-10:43:34
GEM6VBRI52W4Q,38.942917,-77.076892,07122019-10:43:34
CUMFVONLT573M,38.89735,-77.027086,07122019-10:43:34
XAKT5CZ2YHVIS,38.896667,-77.007992,07122019-10:43:34
GDXXNE7ZRIMNA,38.888882,-77.044367,07122019-10:43:34
3QIYRCF22LLOE,38.887487,-77.008201,07122019-10:43:34
WZESEMDZHKWOT,38.927378,-76.961927,07122019-10:43:34
7KNYMN5LPU6CD,38.892222,-77.031581,07122019-10:43:34
GXI26YN4FY4MS,38.889277,-77.023248,07122019-10:43:34
V73JC5KE6S6GV,38.887106,-77.032125,07122019-10:43:34
52ZW2BR52TD76,38.892227,-77.033449,07122019-10:43:34
5ZNO4I2OWA2TA,38.889976,-77.024138,07122019-10:43:34
2ULJJHK3RDL6I,38.894584,-77.022772,07122019-10:43:34
PE3JSCDXP5LJX,38.899755,-77.030325,07122019-10:43:34
7EYEVZWN2ZDID,38.937022,-77.024081,07122019-10:43:34
QXQK3KVCKELDB,38.86763,-77.013785,07122019-10:43:34
4VEKNP474YQWD,38.867337,-77.012284,07122019-10:43:34
DZ67NQYELCQQP,38.892083,-77.026168,07122019-10:43:34
QWOOTVCYE6XDG,38.927016,-77.031532,07122019-10:43:34
CFY77VRWOTW4X,38.884931,-77.02342,07122019-10:43:34
6TWHHSWSPAH5G,38.8673,-77.012579,07122019-10:43:34
INNHNUXATIKCG,38.867739,-77.012686,07122019-10:43:34
N3DNYK4BEGAC4,38.930701,-77.033738,07122019-10:43:34
QVOZGKGN67OKF,38.902723,-77.039536,07122019-10:43:34
GZAL6ZH3QNQ2O,38.897372,-77.04156,07122019-10:43:34
RPJAF5IJW5BK6,38.90231,-77.038335,07122019-10:43:34
F6PQZMGAO4U7P,38.902469,-77.027125,07122019-10:43:34
RTVIQ5RQFLAD3,38.899676,-77.028019,07122019-10:43:34
YXDHVQJCQW5NQ,38.86775,-77.012776,07122019-10:43:34
TW6TVM6PN2Y7Z,38.89673,-77.04035,07122019-10:43:34
DFXJ6ZA4FAD6D,38.908667,-77.070776,07122019-10:43:34
JSDLV4FKVSS25,38.892247,-77.021447,07122019-10:43:34
BGGXSTQTBTRUP,38.887741,-77.006031,07122019-10:43:34
YHLE7D6YVENX7,38.895009,-77.010838,07122019-10:43:34
ZT5PFL3TJJORW,38.906309,-77.067807,07122019-10:43:34
R4QT6P6B25XNL,38.920602,-77.003433,07122019-10:43:34
FJ6Q6CIOGEXCL,38.892201,-77.023553,07122019-10:43:34
L3U5M4ZA4NF6J,38.919876,-77.070152,07122019-10:43:34
Q4TPPC57IL3MH,38.894025,-77.026102,07122019-10:43:34
2XWGARYUQ77XY,38.889493,-77.048306,07122019-10:43:34
IYQ7Q5LWSJ33B,38.909782,-77.023211,07122019-10:43:34
JN45SUIHGQG56,38.8963,-77.013647,07122019-10:43:34
MAZGNVJV54BS3,38.898228,-77.027933,07122019-10:43:34
SEERCZPQGEN47,38.893939,-77.013151,07122019-10:43:34
K4NHW3NMRUV72,38.989724,-77.030263,07122019-10:43:34
MDAKLN66JBWDN,38.884969,-77.006092,07122019-10:43:34
6AZ6VD3CRBMXD,38.892138,-77.03166,07122019-10:43:34
QLBVQNU7THJLK,38.881147,-77.026763,07122019-10:43:34
6W5UQTZ6J3ISR,38.886156,-77.012045,07122019-10:43:34
52N3HMPJUPX5C,38.889297,-77.023328,07122019-10:43:34
6BCH7MNAEUU4I,38.89233,-77.050052,07122019-10:43:34
WR5MP3FM6MQKL,38.867679,-77.012594,07122019-10:43:34
SA6HW26TXRJZT,38.924271,-76.985992,07122019-10:43:34
MCJFXODM36PKD,38.898569,-77.029784,07122019-10:43:34
JDUKBCP647H36,38.896109,-77.015814,07122019-10:43:34
IE2NYMKST73LV,38.889072,-77.022175,07122019-10:43:34
LF6CVWGBUIWTS,38.893529,-77.022332,07122019-10:43:34
JADJIXA2RZHTD,38.902608,-77.011357,07122019-10:43:34
36DM3A6HVGHWX,38.949143,-77.080077,07122019-10:43:34
3SB6OYHPWTOUQ,38.892204,-77.014949,07122019-10:43:34
CDHWVVYWAOIDQ,38.885061,-77.014949,07122019-10:43:34
XXGGPFTPLJIUT,38.87296,-77.016977,07122019-10:43:34
SC7PHNTTOL4D5,38.897404,-77.022126,07122019-10:43:34
WU2DZJWA3R3SJ,38.892337,-77.024564,07122019-10:43:34
OSPSI7B6XUOLL,38.918432,-77.063763,07122019-10:43:34
5Z3CJEQH7KMUQ,38.885026,-77.009183,07122019-10:43:34
XYWO72OKCXXSJ,38.892162,-77.02361,07122019-10:43:34
YPLPF2DVL4OGD,38.887609,-77.048245,07122019-10:43:34
TH3CDEL7XOQL3,38.902763,-77.028039,07122019-10:43:34
JATPWALEZW2UZ,38.912836,-77.066321,07122019-10:43:34
NYFXB5SGUSG6I,38.889112,-77.048857,07122019-10:43:34
TACTM4NPT2XMI,38.985151,-77.036209,07122019-10:43:34
RWPB4BUME6GQZ,38.893558,-77.027624,07122019-10:43:34
WVEHCZLDCFCTB,38.89726,-77.026794,07122019-10:43:34
DJ2ZA2JWRRLGN,38.990404,-77.026327,07122019-10:43:34
A7PENXLGZZMHB,38.952886,-77.058409,07122019-10:43:34
AEMSU6OJ2R2MZ,38.884976,-77.015322,07122019-10:43:34
HD4JOQRFBRUGH,38.892286,-77.019122,07122019-10:43:34
QI5RSE2FFNGEJ,38.951401,-77.019764,07122019-10:43:34
4MPPTYDF3YR6O,38.894739,-77.017356,07122019-10:43:34
IPINH346VILJO,38.903852,-77.019652,07122019-10:43:34
GQCBULETC55GY,38.926769,-77.031289,07122019-10:43:34
2IIVUS33X3O4G,38.892181,-77.023604,07122019-10:43:34
RAG5R3JPASQ7S,38.936982,-77.024106,07122019-10:43:34
QC5C3HFBKNB4U,38.893647,-77.047236,07122019-10:43:34
FNRYV3SGO23FB,38.934646,-77.030957,07122019-10:43:34
NWG2TMRNLYLVI,38.893421,-77.03938,07122019-10:43:34
OO5WOUM46TAVF,38.889284,-77.048953,07122019-10:43:34
OWTWYQWRJVJL6,38.896708,-77.007943,07122019-10:43:34
UMG56N2PZDNTG,38.90128,-77.02806,07122019-10:43:34
2T5FEECBJ7TUI,38.8966,-77.009127,07122019-10:43:34
63LH6Q72624OU,38.903993,-77.062899,07122019-10:43:34
2RN5EKT3EVIG4,38.892226,-77.019781,07122019-10:43:34
D5BQAVVH4EKNY,38.905943,-77.07038,07122019-10:43:34
2ZEXBWCGAA3YC,38.898927,-77.048895,07122019-10:43:34
PAA7P5CR6C2OP,38.867674,-77.012652,07122019-10:43:34
T7JB3SEGMFFIX,38.892796,-77.019278,07122019-10:43:34
XGJLLUAWKKEQA,38.904536,-77.04199,07122019-10:43:34
U2HBULF7YRV3Y,38.905489,-77.045993,07122019-10:43:34
6DLNZO63AX4LN,38.968486,-77.027492,07122019-10:43:34
RHLCXQJEDAM43,38.888898,-77.013272,07122019-10:43:34
EQWKIFZDJPQNE,38.907662,-77.020289,07122019-10:43:34
FN2LBVOZVPUMC,38.925111,-77.037612,07122019-10:43:34
O5LKQGT33XQPB,38.902904,-77.033713,07122019-10:43:34
NJ3PTSXAHBWXA,38.893335,-77.043593,07122019-10:43:34
CDMIC63QKGFXB,38.93465,-77.030905,07122019-10:43:34
EDRHUNM65F633,38.875206,-76.997989,07122019-10:43:34
5ZBZTNNDLVUTK,38.892199,-77.026454,07122019-10:43:34
VFW4L5BH3FGBK,38.900389,-77.022116,07122019-10:43:34
JV5OSG7LCKFFB,38.960286,-77.085747,07122019-10:43:34
Q7KUSOTGDQJHM,38.88612,-77.012081,07122019-10:43:34
FYIR5YCXSKJMF,38.895488,-77.029531,07122019-10:43:34
TT2RKA4ZZG3DO,38.898063,-77.028038,07122019-10:43:34
F6AEDNIRD4NQU,38.894524,-77.001892,07122019-10:43:34
DDU6GA2FTJGZB,38.892194,-77.022213,07122019-10:43:34
HU46NXBVB4AN2,38.991145,-77.036431,07122019-10:43:34
Q3WXMWO77YEVN,38.898898,-77.032807,07122019-10:43:34
QKREVA36EOB7A,38.887432,-77.024278,07122019-10:43:34
AUZ5QCHZ4NL6N,38.895856,-77.029483,07122019-10:43:34
GAIAMESSM27ZN,38.894609,-77.010745,07122019-10:43:34
BPX24DSBVKVMF,38.843891,-76.976196,07122019-10:43:34
OX34TLBXCL6YU,38.892188,-77.02958,07122019-10:43:34
NRMOKGBM2DASS,38.892212,-77.023668,07122019-10:43:34
5LWXUDMHW66SY,38.897628,-77.026264,07122019-10:43:34
SK36DNZA45LAY,38.899858,-77.022739,07122019-10:43:34
DC7PEESNH3ISY,38.867661,-77.012726,07122019-10:43:34
EGFEJS34LYZM3,38.899962,-77.021676,07122019-10:43:34
OWH7SEHNGJLZA,38.897365,-77.030499,07122019-10:43:34
NBRWIKGRQQREG,38.903122,-76.988765,07122019-10:43:34
5IXKAAB2ZPDBB,38.912905,-77.036686,07122019-10:43:34
HWVYCMHSH75OZ,38.894744,-77.010792,07122019-10:43:34
GTVOVJUEQBOJT,38.892284,-77.033248,07122019-10:43:34
COXEWEI5V3ACV,38.880319,-77.014256,07122019-10:43:34
K3432BWH6SGLB,38.867748,-77.012728,07122019-10:43:34
R7UVLVDXRQHSA,38.947192,-76.997753,07122019-10:43:34
6E5JFRZOA35B5,38.990529,-77.036368,07122019-10:43:34
ZOGHSS5E3EGLN,38.899009,-77.013909,07122019-10:43:34
KN2ATXQPMTIYR,38.867381,-77.013275,07122019-10:43:34
IDSTAT63HKT5D,38.890666,-77.023579,07122019-10:43:34
ZZMF5BT6DS3KW,38.899595,-77.041362,07122019-10:43:34
Q2FFOXKJ4ASKB,38.899967,-77.021698,07122019-10:43:34
RGK7PGKCB5M4W,38.926821,-77.031226,07122019-10:43:34
MFSXYRMKHLX2A,38.896733,-77.027019,07122019-10:43:34
RDXYNLSWNZFSM,38.911536,-76.996976,07122019-10:43:34
A36CR7O65PNVM,38.892983,-77.020534,07122019-10:43:34
MAD5ERYH3FBC6,38.900562,-77.056669,07122019-10:43:34
JT6OQRTWG65GI,38.892593,-77.048769,07122019-10:43:34
G76LCJG2VA5HU,38.903869,-77.03453,07122019-10:43:34
UIOLW3U6R7EBR,38.8922,-77.0316,07122019-10:43:34
32IHZL6L6LIZI,38.898402,-77.010271,07122019-10:43:34
PCCDNIMCZB6S6,38.90158,-77.025804,07122019-10:43:34
OQ6J4X7G7DBMH,38.901041,-77.011696,07122019-10:43:34
KVUGRIUUSTSEN,38.900901,-76.979138,07122019-10:43:34
6ZR7V36CQFYFB,38.871964,-77.011323,07122019-10:43:34
CZ3MUC7DGDZYB,38.900891,-77.050159,07122019-10:43:34
RQWS3C4OBZV2S,38.897614,-77.007692,07122019-10:43:34
YXYKZ4J3XXAYE,38.893402,-77.023923,07122019-10:43:34
DECJ24RB6ZQTP,38.887311,-77.028263,07122019-10:43:34
U3MHJMFBR3WQX,38.901588,-77.034766,07122019-10:43:34
TJEFGMC52EOHJ,38.905289,-77.050275,07122019-10:43:34
QCAVQ5XIVAI2A,38.929203,-76.961858,07122019-10:43:34
ZLF6TUD6OEVAJ,38.868631,-76.980052,07122019-10:43:34
ABJDSCPS534A7,38.892209,-77.022253,07122019-10:43:34
RYNMUKVERUQ66,38.896086,-77.044691,07122019-10:43:34
HEXWZHNWZNXEH,38.884763,-77.013879,07122019-10:43:34
R4Z5SNIMDES6Z,38.834594,-77.003155,07122019-10:43:34
DKWT3JOCLVACI,38.892191,-77.031592,07122019-10:43:34
Z25GUH4SIFTGG,38.896022,-77.044131,07122019-10:43:34
GSMT2GSJLUH7H,38.892198,-77.031974,07122019-10:43:34
LPPZZQQTCUVJT,38.8851,-77.015324,07122019-10:43:34
2UNXR3UAL4CJ5,38.891902,-77.033279,07122019-10:43:34
F3ROMZTSCRGWS,38.936025,-77.091545,07122019-10:43:34
AOFHF4Q4ZBDGT,38.884796,-77.034631,07122019-10:43:34
SRTUSX7PYNSXC,38.893024,-77.043737,07122019-10:43:34
ZZH7VCOIB7HGK,38.911735,-77.022931,07122019-10:43:34
3CPY2XSP53I5L,38.892341,-77.05005,07122019-10:43:34
X2G3DSQSMMPYH,38.886561,-77.032082,07122019-10:43:34
DL7QCDZEL6URS,38.863221,-76.993797,07122019-10:43:34
UIXXXEGWVLAVD,38.892026,-77.023357,07122019-10:43:34
KZA352K4BGQSR,38.892168,-77.021074,07122019-10:43:34
O4L5UFPQCOZ5F,38.896683,-77.007985,07122019-10:43:34
KG6HCON4ERRH4,38.897423,-77.022113,07122019-10:43:34
VFF3V6MYHLYRF,38.894269,-77.046816,07122019-10:43:34
CNYMYSE5PP5EF,38.902964,-76.979446,07122019-10:43:34
FGESTUBL6URQF,38.887852,-77.022785,07122019-10:43:34
RHH376GZBLH4I,38.901554,-77.028538,07122019-10:43:34
UZFDNPCWHKSC3,38.878357,-77.02341,07122019-10:43:34
ONNISQSKNN2XW,38.896266,-77.040976,07122019-10:43:34
OXJM4UJDWKTK5,38.892353,-77.050066,07122019-10:43:34
FCRINCLXRLXR2,38.892334,-77.019738,07122019-10:43:34
OBQSPNZC2PI4M,38.898838,-77.028022,07122019-10:43:34
GHI47XR5T6FTK,38.880941,-77.026205,07122019-10:43:34
XW373IWV3DP5U,38.89449,-77.021993,07122019-10:43:34
XSDTE4EI6HIB2,38.903203,-77.038676,07122019-10:43:34
VORFVXWJQM4OV,38.896227,-77.029691,07122019-10:43:34
AYG3TNC42RRPA,38.899138,-77.027985,07122019-10:43:34
76BMTO6NEQSKG,38.930789,-77.023439,07122019-10:43:34
F6USMOPR62EWE,38.900315,-77.007199,07122019-10:43:34
44JNHNU3DNN6J,38.94302,-77.0277,07122019-10:43:34
FDHHT6KTHR77G,38.898942,-77.036245,07122019-10:43:34
BAQOYCBRPO4RY,38.934723,-77.030896,07122019-10:43:34
535ESMQUY4UU6,38.972411,-77.03389,07122019-10:43:34
DYI6IQWMUN2U4,38.892213,-77.033246,07122019-10:43:34
Q7JBK5XNF5XQQ,38.892251,-77.015716,07122019-10:43:34
DW5ITWLCGSLNV,38.896623,-77.049969,07122019-10:43:34
XPBZFASODE4OW,38.926774,-77.031206,07122019-10:43:34
WI2XP6L2SJDM2,38.889131,-77.019774,07122019-10:43:34
PAA7KT7W4NDAE,38.892215,-77.040408,07122019-10:43:34
T6LT7ZGMKA64P,38.893239,-77.013564,07122019-10:43:34
WC25HUHCA4MWD,38.89639,-77.027259,07122019-10:43:34
L6UKAURVJS3PO,38.905562,-76.978412,07122019-10:43:34
YWAFI3H7VFZM2,38.888931,-77.048915,07122019-10:43:34
7VG7T3ITMCR7O,38.892455,-77.019924,07122019-10:43:34
3ZMKEYC5LH5YD,38.909039,-77.044096,07122019-10:43:34
37XVFYBP4LQJU,38.898908,-77.054056,07122019-10:43:34
HBJQ5VO4LHBH3,38.918646,-77.000395,07122019-10:43:34
LYSSV5FGIOAMY,38.912271,-77.077154,07122019-10:43:34
SIYAKVOUE4O2C,38.889303,-77.048247,07122019-10:43:34
7FQS3VT23E2TH,38.878314,-76.999645,07122019-10:43:34
BRDYILE6UCRGN,38.985812,-77.02653,07122019-10:43:34
Y3ERB7Q7YTCD7,38.88891,-77.048917,07122019-10:43:34
IFRUO2TSQ5NEZ,38.8922,-77.021439,07122019-10:43:34
736U73URGDFB3,38.898437,-77.039459,07122019-10:43:34
QDIONTWNVXAXV,38.88452,-77.021045,07122019-10:43:34
PHQPCQHTHSUJM,38.899239,-77.040324,07122019-10:43:34
HUWDREGGZAXZ4,38.988778,-77.029274,07122019-10:43:34
TQBKNHULB72KT,38.900334,-77.042927,07122019-10:43:34
ELSKKL7A5OXPO,38.887512,-77.00822,07122019-10:43:34
YYIKWKKMTLO2I,38.893838,-77.028484,07122019-10:43:34
FZMCO43LI5JFI,38.884172,-77.025328,07122019-10:43:34
J53N35FV5ZSI2,38.929213,-76.96171,07122019-10:43:34
WY5IT5Q3JLSNO,38.906921,-77.009117,07122019-10:43:34
NTRA64YSMKILO,38.905272,-77.061973,07122019-10:43:34
HQJSUPQ23E4RA,38.892156,-77.021523,07122019-10:43:34
YFFGGTICCDQ46,38.892172,-77.022285,07122019-10:43:34
UUY2DEPS47ZWO,38.899238,-77.028006,07122019-10:43:34
AHZK2FWJHYEY6,38.910499,-77.075812,07122019-10:43:34
FUN5OOXR46VW3,38.887463,-77.032133,07122019-10:43:34
HBU5IXJD5LOWB,38.89506,-77.023018,07122019-10:43:34
KP7VKHB2SLTT4,38.927172,-77.031555,07122019-10:43:34
CDAN3BHIOR344,38.885005,-77.015323,07122019-10:43:34
66QE74PVGFK3Y,38.901364,-77.041968,07122019-10:43:34
BVWMV3AFYYAST,38.900144,-77.021871,07122019-10:43:34
NWHVSIVSBENBD,38.885509,-77.011524,07122019-10:43:34
XQVL6YRN5KQLK,38.902735,-77.013033,07122019-10:43:34
HOIDXYCXJVSPL,38.898429,-77.007152,07122019-10:43:34
7T4AQSLLXFTBX,38.902127,-77.051296,07122019-10:43:34
KMPLHCR76MRGT,38.883875,-77.013808,07122019-10:43:34
IXD4JZE432L3W,38.89403,-77.02685,07122019-10:43:34
V5OTEFTHP6M7N,38.884879,-77.029309,07122019-10:43:34
UXCKXGYMCCM6Q,38.860392,-76.987357,07122019-10:43:34
QRPGE744TJD6E,38.892388,-77.033252,07122019-10:43:34
OWUE4THS7CXEF,38.894955,-77.029453,07122019-10:43:34
DS6FWYITAUW5S,38.887656,-77.022148,07122019-10:43:34
UA3BN3JGEJ2JT,38.888875,-77.048933,07122019-10:43:34
OQOTFBLNP3J3Z,38.892114,-77.018104,07122019-10:43:34
J3CKKISOCTPLX,38.8869,-77.01371,07122019-10:43:34
4FVDL42W3WIFZ,38.901298,-77.034698,07122019-10:43:34
GBMAWQ3B7K6UJ,38.892238,-77.027874,07122019-10:43:34
VUEC3I67CBFMO,38.892461,-77.033293,07122019-10:43:34
ADZGBKIIE6IXE,38.99021,-77.026281,07122019-10:43:34
J6FYG7KEBR2DF,38.913029,-77.062153,07122019-10:43:34
E54OYT5DJVSE5,38.896701,-77.007989,07122019-10:43:34
S7HW5DSJSHJM3,38.892236,-77.023622,07122019-10:43:34
P3IUCMBKQBWD6,38.893716,-77.004404,07122019-10:43:34
JNKHGMBJSBYMS,38.89975,-77.051534,07122019-10:43:34
GOP3IC3W36Y64,38.908563,-76.998017,07122019-10:43:34
LWN2BQX6RVWEZ,38.989501,-77.027104,07122019-10:43:34
AIJ4TYMNAD2UV,38.888533,-77.049228,07122019-10:43:34
DOOARV5HTRMCR,38.927143,-77.031475,07122019-10:43:34
SHOUTU7G6IDNM,38.892202,-77.022304,07122019-10:43:34
TIYSDO4Y4UHSI,38.865224,-77.013781,07122019-10:43:34
UIFKA3WURKKT4,38.875367,-77.049188,07122019-10:43:34
JK55MP2JENDCX,38.897358,-77.020897,07122019-10:43:34
5TJD2P5FZJ6LJ,38.94232,-77.025763,07122019-10:43:34
WAGUE63RQYUDF,38.931579,-76.983346,07122019-10:43:34
3TDAIFT7QNI2I,38.923444,-77.055964,07122019-10:43:34
6VTOQTYFIAMKK,38.943442,-77.027018,07122019-10:43:34
HL4IGTSNTBM4W,38.898741,-77.03435,07122019-10:43:34
6626FEJQBMKTF,38.915472,-77.032879,07122019-10:43:34
PMI54VB2RF6ID,38.892184,-77.03161,07122019-10:43:34
2DLLBAMK4WROG,38.990415,-77.026309,07122019-10:43:34
SD4XPGJ2ZKALM,38.891932,-77.026419,07122019-10:43:34
LA3SLOAIB5E4E,38.895644,-77.033444,07122019-10:43:34
GYPRRQO2S4PEN,38.890387,-77.02485,07122019-10:43:34
2F2ETBOKQIGBU,38.893643,-77.02266,07122019-10:43:34
OFAHBDV4V2SHZ,38.90369,-77.052196,07122019-10:43:34
ZDRKTMXYEYSZN,38.884457,-77.008932,07122019-10:43:34
27XKFO3UZIGQR,38.911902,-77.076057,07122019-10:43:34
UMRH72RJKJ7YR,38.874416,-77.044882,07122019-10:43:34
ERKOMA7D2PCGP,38.900146,-77.020062,07122019-10:43:34
CYLLQ2FLLDUEM,38.897025,-77.026183,07122019-10:43:34
BTJK7NPKGINAR,38.897134,-77.007472,07122019-10:43:34
CVNUOLNTJID5S,38.897504,-77.007416,07122019-10:43:34
XTCLW57R2WW53,38.969285,-77.026824,07122019-10:43:34
BME2P4EZSEPVW,38.898352,-77.032254,07122019-10:43:34
WFM4EYWTY3LQN,38.896369,-77.027265,07122019-10:43:34
7MCAYESKSTHLA,38.887105,-77.031891,07122019-10:43:34
Q6EXMSVRZ4JON,38.884147,-77.00806,07122019-10:43:34
VCCVHVVWWGXLP,38.902134,-77.033828,07122019-10:43:34
V2JJGAFWOBE3K,38.966145,-77.018567,07122019-10:43:34
7QNB6LPD7NUU3,38.875523,-77.005898,07122019-10:43:34
2U3K62SPFIIZT,38.907371,-77.039108,07122019-10:43:34
YA5HPCDLX4R2Z,38.902429,-77.033308,07122019-10:43:34
X3X4IX6XVQEO3,38.901051,-77.02449,07122019-10:43:34
WK6E2VEMGMSZE,38.895389,-77.026993,07122019-10:43:34
VX3NA2NAKNMD3,38.886172,-77.032037,07122019-10:43:34
CEWQXI6W62JFO,38.883057,-77.030097,07122019-10:43:34
BIY4SE7FHWDR2,38.887517,-77.048321,07122019-10:43:34
3VA4XDU4WYQDF,38.88288,-77.025684,07122019-10:43:34
LY7ITWLDVHHID,38.898228,-77.029446,07122019-10:43:34
YYJMWVR47K5MJ,38.892183,-77.019069,07122019-10:43:34
FL2YQ62EBSI7K,38.961709,-77.0101,07122019-10:43:34
F7PJNC53UGDS4,38.893875,-77.019442,07122019-10:43:34
EEWC7N5GCRRKI,38.889136,-77.019731,07122019-10:43:34
UQFNF5HHAVGJT,38.900707,-77.011197,07122019-10:43:34
F7L7VXX4W2Y75,38.888156,-77.01584,07122019-10:43:34
TRVUVMUD2WBVC,38.896704,-77.007973,07122019-10:43:34
WMVYDEJBYUL7D,38.953692,-77.001022,07122019-10:43:34
EILGVZKJBP7EA,38.921211,-77.004032,07122019-10:43:34
KQYFAH4E75KPR,38.892268,-77.023613,07122019-10:43:34
MLAP3KQCYLZWV,38.892181,-77.020199,07122019-10:43:34
DLBJPF6NPYGLW,38.882823,-77.02567,07122019-10:43:34
BABNTV6IGMFAD,38.877381,-77.005811,07122019-10:43:34
RIMDQ6QNFO7ZP,38.896441,-77.007732,07122019-10:43:34
3CKS2W45MROUC,38.896625,-77.021477,07122019-10:43:34
XD5BJ4F4R5TZQ,38.887314,-77.031848,07122019-10:43:34
JMFV5G6GVRK2R,38.89571,-77.029534,07122019-10:43:34
74NVV6A5AKOYF,38.893105,-77.021723,07122019-10:43:34
CPQWJ7SLSFCXJ,38.898523,-77.028696,07122019-10:43:34
6WQJGE5EQ7IC6,38.892558,-77.018655,07122019-10:43:34
C6H3NUWXGIZEP,38.898932,-77.013758,07122019-10:43:34
DPQILE25KUFHE,38.892189,-77.02642,07122019-10:43:34
NEBEXO4E62PLA,38.963614,-77.031202,07122019-10:43:34
Q2AE6EJTC4RZK,38.900331,-77.02204,07122019-10:43:34
IF3AYL3AEI6JN,38.896455,-77.027174,07122019-10:43:34
2XJUGWCLLQ74X,38.895356,-77.033585,07122019-10:43:34
FZR4BQV2TVJV2,38.98486,-77.037192,07122019-10:43:34
7P7MG5B7K2MT7,38.897294,-77.044934,07122019-10:43:34
MX24CP5T7MZEI,38.878715,-77.024894,07122019-10:43:34
QQGBYKCJZFDN2,38.981436,-77.032889,07122019-10:43:34
CSQOUHXX5YZFU,38.892857,-77.02061,07122019-10:43:34
UV7BGPQPSZPMU,38.876567,-76.997459,07122019-10:43:34
XCLDNWVV2BUKV,38.912383,-77.044849,07122019-10:43:34
DX2MHEJOTHVSP,38.892205,-77.022243,07122019-10:43:34
XAPE6WP6M5EPP,38.894912,-77.023856,07122019-10:43:34
S7ZGDYU25Z2TX,38.892169,-77.031585,07122019-10:43:34
UEDH6FNBIMSX5,38.916428,-77.030442,07122019-10:43:34
SVWYDLN4X2RB2,38.901268,-77.03639,07122019-10:43:34
5LSMXMX3TKFX4,38.890749,-77.021009,07122019-10:43:34
GMCPG2WDM5EAU,38.900368,-77.022048,07122019-10:43:34
4W3VCYMA6XOL7,38.898307,-77.026331,07122019-10:43:34
272SGGZX7JQWI,38.88382,-77.013804,07122019-10:43:34
XXXPVSOQZFF7B,38.903865,-77.017088,07122019-10:43:34
RWIDKCBF5QJT2,38.967658,-77.012491,07122019-10:43:34
2DNVJZ5FXUWPU,38.947067,-77.079193,07122019-10:43:34
